,Workflow,mode,ncores,node,ConsumedEnergy,ConsumedEnergy,ConsumedEnergy,ConsumedEnergy,ConsumedEnergy,ConsumedEnergy,ConsumedEnergy,ConsumedEnergy,AveRSS,AveRSS,AveRSS,AveRSS,AveRSS,AveRSS,AveRSS,AveRSS,AveDiskRead,AveDiskRead,AveDiskRead,AveDiskRead,AveDiskRead,AveDiskRead,AveDiskRead,AveDiskRead,AveDiskWrite,AveDiskWrite,AveDiskWrite,AveDiskWrite,AveDiskWrite,AveDiskWrite,AveDiskWrite,AveDiskWrite,AveVMSize,AveVMSize,AveVMSize,AveVMSize,AveVMSize,AveVMSize,AveVMSize,AveVMSize,NCPUS,NCPUS,NCPUS,NCPUS,NCPUS,NCPUS,NCPUS,NCPUS,trial,trial,trial,trial,trial,trial,trial,trial,ConsumedEnergyK,ConsumedEnergyK,ConsumedEnergyK,ConsumedEnergyK,ConsumedEnergyK,ConsumedEnergyK,ConsumedEnergyK,ConsumedEnergyK,ConsumedEnergyM,ConsumedEnergyM,ConsumedEnergyM,ConsumedEnergyM,ConsumedEnergyM,ConsumedEnergyM,ConsumedEnergyM,ConsumedEnergyM,ConsumedEnergyG,ConsumedEnergyG,ConsumedEnergyG,ConsumedEnergyG,ConsumedEnergyG,ConsumedEnergyG,ConsumedEnergyG,ConsumedEnergyG,AveRSSK,AveRSSK,AveRSSK,AveRSSK,AveRSSK,AveRSSK,AveRSSK,AveRSSK,AveRSSM,AveRSSM,AveRSSM,AveRSSM,AveRSSM,AveRSSM,AveRSSM,AveRSSM,AveRSSG,AveRSSG,AveRSSG,AveRSSG,AveRSSG,AveRSSG,AveRSSG,AveRSSG,AveDiskReadK,AveDiskReadK,AveDiskReadK,AveDiskReadK,AveDiskReadK,AveDiskReadK,AveDiskReadK,AveDiskReadK,AveDiskReadM,AveDiskReadM,AveDiskReadM,AveDiskReadM,AveDiskReadM,AveDiskReadM,AveDiskReadM,AveDiskReadM,AveDiskReadG,AveDiskReadG,AveDiskReadG,AveDiskReadG,AveDiskReadG,AveDiskReadG,AveDiskReadG,AveDiskReadG,AveDiskWriteK,AveDiskWriteK,AveDiskWriteK,AveDiskWriteK,AveDiskWriteK,AveDiskWriteK,AveDiskWriteK,AveDiskWriteK,AveDiskWriteM,AveDiskWriteM,AveDiskWriteM,AveDiskWriteM,AveDiskWriteM,AveDiskWriteM,AveDiskWriteM,AveDiskWriteM,AveDiskWriteG,AveDiskWriteG,AveDiskWriteG,AveDiskWriteG,AveDiskWriteG,AveDiskWriteG,AveDiskWriteG,AveDiskWriteG,AveVMSizeK,AveVMSizeK,AveVMSizeK,AveVMSizeK,AveVMSizeK,AveVMSizeK,AveVMSizeK,AveVMSizeK,AveVMSizeM,AveVMSizeM,AveVMSizeM,AveVMSizeM,AveVMSizeM,AveVMSizeM,AveVMSizeM,AveVMSizeM,AveVMSizeG,AveVMSizeG,AveVMSizeG,AveVMSizeG,AveVMSizeG,AveVMSizeG,AveVMSizeG,AveVMSizeG,ElapsedSeconds,ElapsedSeconds,ElapsedSeconds,ElapsedSeconds,ElapsedSeconds,ElapsedSeconds,ElapsedSeconds,ElapsedSeconds,ElapsedMinutes,ElapsedMinutes,ElapsedMinutes,ElapsedMinutes,ElapsedMinutes,ElapsedMinutes,ElapsedMinutes,ElapsedMinutes,ElapsedHours,ElapsedHours,ElapsedHours,ElapsedHours,ElapsedHours,ElapsedHours,ElapsedHours,ElapsedHours
,,,,,count,mean,std,min,25%,50%,75%,max,count,mean,std,min,25%,50%,75%,max,count,mean,std,min,25%,50%,75%,max,count,mean,std,min,25%,50%,75%,max,count,mean,std,min,25%,50%,75%,max,count,mean,std,min,25%,50%,75%,max,count,mean,std,min,25%,50%,75%,max,count,mean,std,min,25%,50%,75%,max,count,mean,std,min,25%,50%,75%,max,count,mean,std,min,25%,50%,75%,max,count,mean,std,min,25%,50%,75%,max,count,mean,std,min,25%,50%,75%,max,count,mean,std,min,25%,50%,75%,max,count,mean,std,min,25%,50%,75%,max,count,mean,std,min,25%,50%,75%,max,count,mean,std,min,25%,50%,75%,max,count,mean,std,min,25%,50%,75%,max,count,mean,std,min,25%,50%,75%,max,count,mean,std,min,25%,50%,75%,max,count,mean,std,min,25%,50%,75%,max,count,mean,std,min,25%,50%,75%,max,count,mean,std,min,25%,50%,75%,max,count,mean,std,min,25%,50%,75%,max,count,mean,std,min,25%,50%,75%,max,count,mean,std,min,25%,50%,75%,max
0,daa,local,4,gl2,10.0,3038000.0,7888.106377466155,3030000.0,3030000.0,3040000.0,3040000.0,3050000.0,10.0,1192352400.0,38143231.92972043,1164340000.0,1171229000.0,1184952000.0,1191856000.0,1296320000.0,10.0,88382788000.0,1102711.808830092,88381860000.0,88381940000.0,88381970000.0,88383997500.0,88384200000.0,10.0,12729980000.0,1600388.84163957,12728720000.0,12728740000.0,12728755000.0,12731792500.0,12731990000.0,10.0,19342806800.0,143818779.63665864,18933500000.0,19387355000.0,19388320000.0,19389116000.0,19389280000.0,10.0,4.0,0.0,4.0,4.0,4.0,4.0,4.0,10.0,7.5,4.790035954399971,1.0,3.5,7.0,11.75,14.0,10.0,3038.0,7.888106377466155,3030.0,3030.0,3040.0,3040.0,3050.0,10.0,3.038,0.007888106377466186,3.03,3.03,3.04,3.04,3.05,10.0,0.0030380000000000003,7.888106377466175e-06,0.00303,0.00303,0.00304,0.00304,0.00305,10.0,1192352.4,38143.23192972043,1164340.0,1171229.0,1184952.0,1191856.0,1296320.0,10.0,1192.3524000000002,38.143231929720415,1164.34,1171.229,1184.952,1191.856,1296.32,10.0,1.1923524,0.03814323192972042,1.16434,1.1712289999999999,1.184952,1.191856,1.29632,10.0,88382788.0,1102.711808830092,88381860.0,88381940.0,88381970.0,88383997.5,88384200.0,10.0,88382.788,1.1027118088267205,88381.86,88381.94,88381.97,88383.9975,88384.2,10.0,88.382788,0.0011027118088322567,88.38186,88.38194,88.38197,88.38399749999999,88.3842,10.0,12729980.0,1600.38884163957,12728720.0,12728740.0,12728755.0,12731792.5,12731990.0,10.0,12729.98,1.600388841639707,12728.72,12728.74,12728.755000000001,12731.7925,12731.99,10.0,12.72998,0.0016003888416397307,12.72872,12.72874,12.728755,12.731792500000001,12.73199,10.0,19342806.8,143818.77963665864,18933500.0,19387355.0,19388320.0,19389116.0,19389280.0,10.0,19342.8068,143.8187796366586,18933.5,19387.355,19388.32,19389.116,19389.28,10.0,19.342806799999998,0.14381877963665896,18.9335,19.387355,19.38832,19.389116,19.38928,10.0,59528.3,377.7518438810796,58950.0,59200.25,59592.5,59759.75,60062.0,10.0,992.1383333333333,6.295864064684649,982.5,986.6708333333333,993.2083333333334,995.9958333333334,1001.0333333333333,10.0,16.53563888888889,0.10493106774474428,16.375,16.44451388888889,16.553472222222226,16.599930555555556,16.683888888888887
1,daa,local,4,gl5,3.0,6653333.333333333,35118.845842842464,6620000.0,6635000.0,6650000.0,6670000.0,6690000.0,3.0,1466641333.3333333,26462028.140967075,1443148000.0,1452308000.0,1461468000.0,1478388000.0,1495308000.0,3.0,88355033333.33333,1096965.511460289,88354400000.0,88354400000.0,88354400000.0,88355350000.0,88356300000.0,3.0,12749230000.0,1645478.6537661313,12748270000.0,12748280000.0,12748290000.0,12749710000.0,12751130000.0,3.0,27515221333.333332,1685430.904348598,27513408000.0,27514462000.0,27515516000.0,27516128000.0,27516740000.0,3.0,4.0,0.0,4.0,4.0,4.0,4.0,4.0,3.0,11.0,1.0,10.0,10.5,11.0,11.5,12.0,3.0,6653.333333333333,35.11884584284246,6620.0,6635.0,6650.0,6670.0,6690.0,3.0,6.653333333333333,0.0351188458428426,6.62,6.635,6.65,6.67,6.69,3.0,0.006653333333333333,3.5118845842842346e-05,0.00662,0.006635,0.00665,0.00667,0.00669,3.0,1466641.3333333333,26462.02814096707,1443148.0,1452308.0,1461468.0,1478388.0,1495308.0,3.0,1466.6413333333333,26.462028140967103,1443.148,1452.308,1461.468,1478.388,1495.308,3.0,1.4666413333333335,0.026462028140967077,1.443148,1.452308,1.461468,1.478388,1.495308,3.0,88355033.33333333,1096.965511460289,88354400.0,88354400.0,88354400.0,88355350.0,88356300.0,3.0,88355.03333333333,1.09696551146533,88354.4,88354.4,88354.4,88355.35,88356.3,3.0,88.35503333333334,0.0010969655114638859,88.3544,88.3544,88.3544,88.35535,88.3563,3.0,12749230.0,1645.4786537661314,12748270.0,12748280.0,12748290.0,12749710.0,12751130.0,3.0,12749.230000000001,1.6454786537652926,12748.27,12748.28,12748.29,12749.71,12751.13,3.0,12.749230000000003,0.0016454786537658892,12.74827,12.748280000000001,12.74829,12.74971,12.75113,3.0,27515221.333333332,1685.430904348598,27513408.0,27514462.0,27515516.0,27516128.0,27516740.0,3.0,27515.221333333335,1.6854309043495836,27513.408,27514.462,27515.516,27516.128,27516.74,3.0,27.515221333333333,0.00168543090434904,27.513408,27.514462,27.515516,27.516128000000002,27.51674,3.0,64364.666666666664,457.4279542543649,63940.0,64122.5,64305.0,64577.0,64849.0,3.0,1072.7444444444445,7.623799237572681,1065.6666666666667,1068.7083333333335,1071.75,1076.2833333333333,1080.8166666666666,3.0,17.879074074074076,0.12706332062621134,17.761111111111113,17.81180555555556,17.8625,17.938055555555557,18.01361111111111
2,daa,local,4,gl6,10.0,7558000.0,42373.99621885521,7510000.0,7532500.0,7550000.0,7570000.0,7660000.0,10.0,1552179200.0,192548142.83578825,1449556000.0,1460518000.0,1462900000.0,1466119000.0,1917584000.0,10.0,88367455000.0,11833440.609842375,88354360000.0,88356607500.0,88368820000.0,88378610000.0,88378610000.0,10.0,12750894000.0,1176767.7010447823,12748260000.0,12751192500.0,12751480000.0,12751495000.0,12751510000.0,10.0,27516289600.0,2494255.230636102,27512264000.0,27514984000.0,27516228000.0,27518305000.0,27519800000.0,10.0,4.0,0.0,4.0,4.0,4.0,4.0,4.0,10.0,7.1,5.425249610233001,1.0,3.5,6.5,8.75,20.0,10.0,7558.0,42.37399621885521,7510.0,7532.5,7550.0,7570.0,7660.0,10.0,7.558,0.04237399621885533,7.51,7.532500000000001,7.55,7.57,7.66,10.0,0.0075580000000000005,4.237399621885524e-05,0.00751,0.0075325,0.00755,0.00757,0.00766,10.0,1552179.2,192548.14283578823,1449556.0,1460518.0,1462900.0,1466119.0,1917584.0,10.0,1552.1792000000003,192.54814283578824,1449.556,1460.518,1462.9,1466.119,1917.584,10.0,1.5521791999999999,0.1925481428357882,1.449556,1.460518,1.4629,1.466119,1.917584,10.0,88367455.0,11833.440609842373,88354360.0,88356607.5,88368820.0,88378610.0,88378610.0,10.0,88367.455,11.8334406098428,88354.36,88356.6075,88368.82,88378.61,88378.61,10.0,88.36745499999999,0.011833440609840368,88.35436,88.3566075,88.36882,88.37861,88.37861,10.0,12750894.0,1176.7677010447824,12748260.0,12751192.5,12751480.0,12751495.0,12751510.0,10.0,12750.893999999998,1.1767677010446635,12748.26,12751.192500000001,12751.48,12751.494999999999,12751.51,10.0,12.750893999999999,0.00117676770104485,12.74826,12.751192499999998,12.75148,12.751495,12.75151,10.0,27516289.6,2494.255230636102,27512264.0,27514984.0,27516228.0,27518305.0,27519800.0,10.0,27516.289599999996,2.494255230636239,27512.264,27514.984,27516.228,27518.305,27519.8,10.0,27.516289600000004,0.0024942552306366117,27.512264,27.514984,27.516227999999998,27.518305,27.5198,10.0,62160.8,346.6544228607056,61793.0,61974.0,62071.5,62270.0,62916.0,10.0,1036.0133333333335,5.7775737143450625,1029.8833333333334,1032.9,1034.525,1037.8333333333333,1048.6,10.0,17.26688888888889,0.09629289523908445,17.164722222222224,17.215000000000003,17.242083333333333,17.29722222222222,17.476666666666667
3,daa,local,8,gl2,10.0,2740000.0,4714.045207910317,2730000.0,2740000.0,2740000.0,2740000.0,2750000.0,10.0,2125156400.0,34292957.20115138,2101348000.0,2105690000.0,2110026000.0,2123941000.0,2204368000.0,10.0,88382846000.0,1157047.9678907008,88381940000.0,88381940000.0,88381970000.0,88384182500.0,88384230000.0,10.0,12730340000.0,1456823.0274584945,12728770000.0,12729027500.0,12729720000.0,12731967500.0,12732030000.0,10.0,37938984800.0,6243818.432835969,37929744000.0,37935244000.0,37938244000.0,37942556000.0,37951632000.0,10.0,8.0,0.0,8.0,8.0,8.0,8.0,8.0,10.0,7.9,5.216427044549853,2.0,4.25,7.5,9.75,20.0,10.0,2740.0,4.714045207910317,2730.0,2740.0,2740.0,2740.0,2750.0,10.0,2.7400000000000007,0.004714045207910321,2.73,2.74,2.74,2.74,2.75,10.0,0.00274,4.7140452079103295e-06,0.00273,0.00274,0.00274,0.00274,0.00275,10.0,2125156.4,34292.957201151374,2101348.0,2105690.0,2110026.0,2123941.0,2204368.0,10.0,2125.1564,34.29295720115142,2101.348,2105.69,2110.026,2123.9410000000003,2204.368,10.0,2.1251564000000003,0.03429295720115135,2.101348,2.10569,2.1100260000000004,2.1239410000000003,2.204368,10.0,88382846.0,1157.0479678907006,88381940.0,88381940.0,88381970.0,88384182.5,88384230.0,10.0,88382.84599999999,1.1570479678889705,88381.94,88381.94,88381.97,88384.1825,88384.23,10.0,88.382846,0.0011570479678933959,88.38194,88.38194,88.38197,88.38418250000001,88.38423,10.0,12730340.0,1456.8230274584946,12728770.0,12729027.5,12729720.0,12731967.5,12732030.0,10.0,12730.34,1.456823027458732,12728.77,12729.0275,12729.720000000001,12731.9675,12732.03,10.0,12.730340000000002,0.0014568230274586962,12.72877,12.729027499999999,12.72972,12.7319675,12.73203,10.0,37938984.8,6243.818432835969,37929744.0,37935244.0,37938244.0,37942556.0,37951632.0,10.0,37938.9848,6.243818432836219,37929.744,37935.244,37938.244,37942.556,37951.632,10.0,37.9389848,0.00624381843283517,37.929744,37.935244,37.938244,37.942555999999996,37.951632,10.0,46936.6,166.2496115283682,46654.0,46843.5,46953.0,47019.25,47201.0,10.0,782.2766666666666,2.77082685880612,777.5666666666667,780.725,782.55,783.6541666666667,786.6833333333333,10.0,13.037944444444445,0.04618044764676864,12.959444444444445,13.012083333333333,13.0425,13.060902777777777,13.111388888888888
4,daa,local,8,gl5,4.0,4135000.0,28867.51345948102,4110000.0000000005,4110000.0000000005,4135000.0,4160000.0,4160000.0,4.0,2619454000.0,14261019.879377492,2604756000.0,2608464000.0,2620658000.0,2631648000.0,2631744000.0,4.0,88372590000.0,12126667.582920983,88354400000.0,88372587500.0,88378650000.0,88378652500.0,88378660000.0,4.0,12750895000.0,1776147.5163960904,12748290000.0,12750697500.0,12751500000.0,12751697500.0,12752290000.0,4.0,52562367000.0,6996045.644981647,52558080000.0,52558509000.0,52559296000.0,52563154000.0,52572796000.0,4.0,8.0,0.0,8.0,8.0,8.0,8.0,8.0,4.0,13.0,1.8257418583505538,11.0,11.75,13.0,14.25,15.0,4.0,4135.0,28.86751345948076,4110.000000000001,4110.000000000001,4135.0,4160.0,4160.0,4.0,4.135,0.028867513459481187,4.11,4.11,4.135,4.16,4.16,4.0,0.004135,2.8867513459480615e-05,0.004110000000000001,0.004110000000000001,0.004135,0.00416,0.00416,4.0,2619454.0,14261.01987937749,2604756.0,2608464.0,2620658.0,2631648.0,2631744.0,4.0,2619.454,14.261019879377619,2604.756,2608.464,2620.658,2631.648,2631.744,4.0,2.619454,0.014261019879377447,2.604756,2.608464,2.620658,2.631648,2.631744,4.0,88372590.0,12126.667582920983,88354400.0,88372587.5,88378650.0,88378652.5,88378660.0,4.0,88372.59,12.126667582922538,88354.4,88372.5875,88378.65,88378.6525,88378.66,4.0,88.37259,0.012126667582919012,88.3544,88.3725875,88.37865,88.37865249999999,88.37866,4.0,12750895.0,1776.1475163960904,12748290.0,12750697.5,12751500.0,12751697.5,12752290.0,4.0,12750.895,1.776147516395892,12748.29,12750.6975,12751.5,12751.6975,12752.29,4.0,12.750895000000002,0.001776147516395809,12.74829,12.750697500000001,12.7515,12.7516975,12.75229,4.0,52562367.0,6996.045644981647,52558080.0,52558509.0,52559296.0,52563154.0,52572796.0,4.0,52562.367000000006,6.9960456449817325,52558.08,52558.509000000005,52559.296,52563.154,52572.796,4.0,52.562366999999995,0.006996045644980603,52.55808,52.558509,52.559296,52.563154,52.572796,4.0,36442.0,591.9065241516885,35873.0,35961.5,36450.0,36930.5,36995.0,4.0,607.3666666666667,9.865108735861478,597.8833333333333,599.3583333333333,607.5,615.5083333333333,616.5833333333334,4.0,10.122777777777777,0.16441847893102454,9.964722222222223,9.989305555555557,10.125,10.258472222222222,10.27638888888889
5,daa,local,8,gl6,11.0,4762727.2727272725,54606.02697338621,4700000.0,4715000.0,4780000.0,4800000.0,4840000.0,11.0,2629645454.5454545,78818947.79856381,2592384000.0,2599604000.0,2605864000.0,2608784000.0,2864184000.0,11.0,88372010909.09091,11327956.086201478,88354360000.0,88366505000.0,88378610000.0,88378630000.0,88378650000.0,11.0,12750759090.90909,1458858.8317274195,12748230000.0,12750320000.0,12751490000.0,12751490000.0,12752270000.0,11.0,52454412727.27273,367972078.2312405,51345000000.0,52562104000.0,52563264000.0,52567564000.0,52572120000.0,11.0,8.0,0.0,8.0,8.0,8.0,8.0,8.0,11.0,7.818181818181818,4.445631154699675,1.0,4.5,8.0,11.5,14.0,11.0,4762.727272727273,54.6060269733862,4700.0,4715.0,4780.0,4800.0,4840.0,11.0,4.762727272727273,0.054606026973386144,4.7,4.715,4.78,4.8,4.84,11.0,0.004762727272727273,5.460602697338609e-05,0.0047,0.0047150000000000004,0.00478,0.0048000000000000004,0.00484,11.0,2629645.4545454546,78818.94779856381,2592384.0,2599604.0,2605864.0,2608784.0,2864184.0,11.0,2629.6454545454544,78.81894779856388,2592.384,2599.604,2605.864,2608.7839999999997,2864.184,11.0,2.6296454545454546,0.07881894779856376,2.592384,2.5996040000000002,2.605864,2.608784,2.864184,11.0,88372010.9090909,11327.956086201477,88354360.0,88366505.0,88378610.0,88378630.0,88378650.0,11.0,88372.01090909091,11.327956086201347,88354.36,88366.505,88378.61,88378.63,88378.65,11.0,88.37201090909089,0.01132795608619911,88.35436,88.36650499999999,88.37861,88.37862999999999,88.37865,11.0,12750759.090909092,1458.8588317274196,12748230.0,12750320.0,12751490.0,12751490.0,12752270.0,11.0,12750.759090909092,1.4588588317274807,12748.23,12750.32,12751.49,12751.49,12752.27,11.0,12.750759090909092,0.0014588588317275344,12.74823,12.75032,12.75149,12.75149,12.75227,11.0,52454412.72727273,367972.0782312405,51345000.0,52562104.0,52563264.0,52567564.0,52572120.0,11.0,52454.41272727272,367.9720782312407,51345.0,52562.10400000001,52563.264,52567.564,52572.12,11.0,52.45441272727272,0.3679720782312404,51.345,52.562104,52.563264,52.567564000000004,52.57212,11.0,35717.818181818184,523.1244246222534,35061.0,35301.0,35849.0,36034.5,36573.0,11.0,595.2969696969697,8.718740410370888,584.35,588.3499999999999,597.4833333333333,600.575,609.55,11.0,9.921616161616162,0.14531234017284814,9.739166666666668,9.805833333333332,9.958055555555555,10.009583333333333,10.159166666666666
6,daa,local,16,gl5,2.0,2805000.0,21213.203435596424,2790000.0,2797500.0,2805000.0,2812500.0,2820000.0,2.0,4893134000.0,1558463.3457351509,4892032000.0,4892583000.0,4893134000.0,4893685000.0,4894236000.0,2.0,88366575000.0,17161481.579397507,88354440000.0,88360507500.0,88366575000.0,88372642500.0,88378710000.0,2.0,12749960000.0,2276883.835420683,12748350000.0,12749155000.0,12749960000.0,12750765000.0,12751570000.0,2.0,102429538000.0,19722622.340855185,102415592000.0,102422565000.0,102429538000.0,102436511000.0,102443484000.0,2.0,16.0,0.0,16.0,16.0,16.0,16.0,16.0,2.0,11.5,0.7071067811865476,11.0,11.25,11.5,11.75,12.0,2.0,2805.0,21.213203435596427,2790.0,2797.5,2805.0,2812.5,2820.0,2.0,2.8049999999999997,0.021213203435596288,2.79,2.7975,2.8049999999999997,2.8125,2.82,2.0,0.002805,2.1213203435596482e-05,0.00279,0.0027975,0.002805,0.0028125,0.00282,2.0,4893134.0,1558.4633457351508,4892032.0,4892583.0,4893134.0,4893685.0,4894236.0,2.0,4893.134,1.5584633457349553,4892.032,4892.5830000000005,4893.134,4893.6849999999995,4894.236,2.0,4.893134,0.0015584633457350608,4.892032,4.892583,4.893134,4.8936850000000005,4.894236,2.0,88366575.0,17161.481579397507,88354440.0,88360507.5,88366575.0,88372642.5,88378710.0,2.0,88366.57500000001,17.161481579400387,88354.44,88360.5075,88366.57500000001,88372.6425,88378.71,2.0,88.366575,0.01716148157939846,88.35444,88.3605075,88.366575,88.3726425,88.37871,2.0,12749960.0,2276.883835420683,12748350.0,12749155.0,12749960.0,12750765.0,12751570.0,2.0,12749.96,2.2768838354202203,12748.35,12749.155,12749.96,12750.765,12751.57,2.0,12.74996,0.0022768838354198986,12.74835,12.749155,12.74996,12.750765,12.75157,2.0,102429538.0,19722.622340855185,102415592.0,102422565.0,102429538.0,102436511.0,102443484.0,2.0,102429.538,19.722622340849917,102415.592,102422.565,102429.538,102436.511,102443.484,2.0,102.42953800000001,0.01972262234085112,102.415592,102.422565,102.42953800000001,102.436511,102.443484,2.0,21915.5,102.5304832720494,21843.0,21879.25,21915.5,21951.75,21988.0,2.0,365.2583333333333,1.708841387867463,364.05,364.6541666666667,365.2583333333333,365.86249999999995,366.46666666666664,2.0,6.087638888888889,0.02848068979779155,6.0675,6.077569444444444,6.087638888888889,6.097708333333333,6.107777777777778
7,daa,local,16,gl6,10.0,3192000.0,33928.02839999859,3150000.0,3172500.0,3185000.0,3197500.0,3250000.0,10.0,4878789600.0,6285899.620932906,4869172000.0,4874848000.0,4876804000.0,4882831000.0,4889020000.0,10.0,88369344000.0,12045457.603963781,88354410000.0,88356310000.0,88378660000.0,88378660000.0,88378670000.0,10.0,12750904000.0,1406715.6389579554,12748300000.0,12751172500.0,12751530000.0,12751555000.0,12752350000.0,10.0,102389825600.0,64883439.974567726,102297764000.0,102368261000.0,102386066000.0,102392759000.0,102527152000.0,10.0,16.0,0.0,16.0,16.0,16.0,16.0,16.0,10.0,5.5,3.0276503540974917,1.0,3.25,5.5,7.75,10.0,10.0,3192.0,33.928028399998595,3150.0,3172.5,3185.0,3197.5,3250.0,10.0,3.192,0.03392802839999859,3.15,3.1725,3.185,3.1975000000000002,3.25,10.0,0.0031920000000000004,3.392802839999852e-05,0.00315,0.0031725,0.0031850000000000003,0.0031975000000000003,0.00325,10.0,4878789.6,6285.899620932906,4869172.0,4874848.0,4876804.0,4882831.0,4889020.0,10.0,4878.7896,6.285899620933136,4869.172,4874.848,4876.804,4882.831,4889.02,10.0,4.8787896,0.00628589962093299,4.869172,4.874848,4.876804,4.8828309999999995,4.88902,10.0,88369344.0,12045.457603963781,88354410.0,88356310.0,88378660.0,88378660.0,88378670.0,10.0,88369.34400000001,12.045457603964891,88354.41,88356.31,88378.66,88378.66,88378.67,10.0,88.36934399999998,0.01204545760396404,88.35441,88.35631,88.37866,88.37866,88.37867,10.0,12750904.0,1406.7156389579554,12748300.0,12751172.5,12751530.0,12751555.0,12752350.0,10.0,12750.904,1.4067156389583257,12748.3,12751.1725,12751.53,12751.555,12752.35,10.0,12.750904000000002,0.001406715638957864,12.7483,12.7511725,12.75153,12.751555,12.75235,10.0,102389825.6,64883.43997456773,102297764.0,102368261.0,102386066.0,102392759.0,102527152.0,10.0,102389.82560000001,64.88343997456877,102297.764,102368.261,102386.066,102392.759,102527.152,10.0,102.38982560000002,0.06488343997456748,102.297764,102.36826099999999,102.386066,102.392759,102.527152,10.0,21271.9,298.70031432487275,20998.0,21063.0,21168.5,21325.5,21859.0,10.0,354.53166666666664,4.978338572081215,349.96666666666664,351.05,352.80833333333334,355.425,364.31666666666666,10.0,5.908861111111111,0.08297230953468697,5.832777777777777,5.850833333333333,5.880138888888889,5.92375,6.071944444444444
8,daa,local,32,gl5,1.0,2450000.0,,2450000.0,2450000.0,2450000.0,2450000.0,2450000.0,1.0,9466900000.0,,9466900000.0,9466900000.0,9466900000.0,9466900000.0,9466900000.0,1.0,88378710000.0,,88378710000.0,88378710000.0,88378710000.0,88378710000.0,88378710000.0,1.0,12752380000.0,,12752380000.0,12752380000.0,12752380000.0,12752380000.0,12752380000.0,1.0,201856912000.0,,201856912000.0,201856912000.0,201856912000.0,201856912000.0,201856912000.0,1.0,32.0,,32.0,32.0,32.0,32.0,32.0,1.0,11.0,,11.0,11.0,11.0,11.0,11.0,1.0,2450.0,,2450.0,2450.0,2450.0,2450.0,2450.0,1.0,2.45,,2.45,2.45,2.45,2.45,2.45,1.0,0.00245,,0.00245,0.00245,0.00245,0.00245,0.00245,1.0,9466900.0,,9466900.0,9466900.0,9466900.0,9466900.0,9466900.0,1.0,9466.9,,9466.9,9466.9,9466.9,9466.9,9466.9,1.0,9.4669,,9.4669,9.4669,9.4669,9.4669,9.4669,1.0,88378710.0,,88378710.0,88378710.0,88378710.0,88378710.0,88378710.0,1.0,88378.71,,88378.71,88378.71,88378.71,88378.71,88378.71,1.0,88.37871,,88.37871,88.37871,88.37871,88.37871,88.37871,1.0,12752380.0,,12752380.0,12752380.0,12752380.0,12752380.0,12752380.0,1.0,12752.38,,12752.38,12752.38,12752.38,12752.38,12752.38,1.0,12.75238,,12.75238,12.75238,12.75238,12.75238,12.75238,1.0,201856912.0,,201856912.0,201856912.0,201856912.0,201856912.0,201856912.0,1.0,201856.912,,201856.912,201856.912,201856.912,201856.912,201856.912,1.0,201.856912,,201.856912,201.856912,201.856912,201.856912,201.856912,1.0,17266.0,,17266.0,17266.0,17266.0,17266.0,17266.0,1.0,287.76666666666665,,287.76666666666665,287.76666666666665,287.76666666666665,287.76666666666665,287.76666666666665,1.0,4.796111111111111,,4.796111111111111,4.796111111111111,4.796111111111111,4.796111111111111,4.796111111111111
9,daa,local,32,gl6,10.0,2707000.0,22135.943621178656,2690000.0,2692500.0,2700000.0,2707500.0,2760000.0,10.0,9456919200.0,24109817.03603557,9429800000.0,9443349000.0,9451678000.0,9456908000.0,9513664000.0,10.0,88364771000.0,12048512.54074313,88354410000.0,88354410000.0,88357690000.0,88378660000.0,88378710000.0,10.0,12750196000.0,1649216.649065718,12748270000.0,12748287500.0,12751325000.0,12751542500.0,12751550000.0,10.0,201979925200.0,119856771.8429886,201785920000.0,201883394000.0,201984674000.0,202078214000.0,202150220000.0,10.0,32.0,0.0,32.0,32.0,32.0,32.0,32.0,10.0,5.5,3.0276503540974917,1.0,3.25,5.5,7.75,10.0,10.0,2707.0,22.135943621178654,2690.0,2692.5,2700.0,2707.5,2760.0,10.0,2.707,0.022135943621178586,2.69,2.6925,2.7,2.7075,2.76,10.0,0.002707,2.2135943621178548e-05,0.00269,0.0026925,0.0027,0.0027075000000000003,0.00276,10.0,9456919.2,24109.81703603557,9429800.0,9443349.0,9451678.0,9456908.0,9513664.0,10.0,9456.9192,24.10981703603574,9429.8,9443.349,9451.678,9456.908,9513.664,10.0,9.4569192,0.02410981703603571,9.4298,9.443349,9.451678000000001,9.456908,9.513664,10.0,88364771.0,12048.51254074313,88354410.0,88354410.0,88357690.0,88378660.0,88378710.0,10.0,88364.771,12.048512540743772,88354.41,88354.41,88357.69,88378.66,88378.71,10.0,88.36477099999999,0.012048512540741334,88.35441,88.35441,88.35768999999999,88.37866,88.37871,10.0,12750196.0,1649.216649065718,12748270.0,12748287.5,12751325.0,12751542.5,12751550.0,10.0,12750.196,1.649216649065379,12748.27,12748.2875,12751.325,12751.5425,12751.55,10.0,12.750195999999999,0.0016492166490657608,12.74827,12.7482875,12.751325,12.7515425,12.75155,10.0,201979925.2,119856.77184298859,201785920.0,201883394.0,201984674.0,202078214.0,202150220.0,10.0,201979.9252,119.8567718429845,201785.92,201883.394,201984.674,202078.214,202150.22,10.0,201.97992519999997,0.11985677184298482,201.78592,201.883394,201.98467399999998,202.078214,202.15022,10.0,16728.1,235.8386689620211,16486.0,16586.75,16677.0,16764.75,17235.0,10.0,278.8016666666666,3.9306444827003575,274.76666666666665,276.4458333333333,277.95000000000005,279.4125,287.25,10.0,4.646694444444444,0.0655107413783393,4.579444444444444,4.607430555555555,4.6325,4.656875,4.7875
10,dpp,local,4,gl2,10.0,196589.0,586.296284597927,195420.0,196280.0,196835.0,197017.5,197060.0,10.0,628067200.0,1264528.4408734262,626412000.0,627243000.0,628030000.0,628626000.0,630284000.0,10.0,5345327000.0,48085.57187163549,5345300000.0,5345300000.0,5345300000.0,5345330000.0,5345420000.0,10.0,802438000.0,228997.81658347748,802220000.0,802222500.0,802415000.0,802622500.0,802720000.0,10.0,18562579200.0,17367609.883535117,18553576000.0,18555850000.0,18557746000.0,18558697000.0,18611692000.0,10.0,4.0,0.0,4.0,4.0,4.0,4.0,4.0,10.0,5.5,3.0276503540974917,1.0,3.25,5.5,7.75,10.0,10.0,196.589,0.586296284597932,195.42,196.28,196.835,197.01749999999998,197.06,10.0,0.19658899999999999,0.0005862962845979263,0.19542,0.19628,0.19683499999999998,0.1970175,0.19706,10.0,0.000196589,5.862962845979254e-07,0.00019542,0.00019628,0.00019683500000000002,0.0001970175,0.00019706,10.0,628067.2,1264.528440873426,626412.0,627243.0,628030.0,628626.0,630284.0,10.0,628.0672,1.2645284408734239,626.412,627.2429999999999,628.03,628.626,630.284,10.0,0.6280672,0.001264528440873421,0.626412,0.627243,0.6280300000000001,0.628626,0.630284,10.0,5345327.0,48.08557187163549,5345300.0,5345300.0,5345300.0,5345330.0,5345420.0,10.0,5345.327,0.04808557187154815,5345.3,5345.3,5345.3,5345.33,5345.42,10.0,5.345326999999999,4.808557187167447e-05,5.3453,5.3453,5.3453,5.345330000000001,5.34542,10.0,802438.0,228.9978165834775,802220.0,802222.5,802415.0,802622.5,802720.0,10.0,802.4380000000001,0.22899781658347687,802.22,802.2225000000001,802.415,802.6225,802.72,10.0,0.8024379999999999,0.00022899781658345945,0.80222,0.8022225000000001,0.802415,0.8026225,0.80272,10.0,18562579.2,17367.609883535115,18553576.0,18555850.0,18557746.0,18558697.0,18611692.0,10.0,18562.5792,17.367609883534627,18553.576,18555.850000000002,18557.746,18558.697,18611.692,10.0,18.562579200000002,0.017367609883535497,18.553576,18.55585,18.557746,18.558697000000002,18.611692,10.0,4077.0,44.81567186202216,4002.0,4044.5,4081.0,4110.25,4133.0,10.0,67.95,0.7469278643670356,66.7,67.40833333333333,68.01666666666667,68.50416666666666,68.88333333333334,10.0,1.1325,0.012448797739450568,1.1116666666666668,1.1234722222222222,1.1336111111111111,1.141736111111111,1.1480555555555556
11,dpp,local,4,gl5,4.0,442115.0,1384.4975021044036,440500.0,441422.5,442070.0,442762.5,443820.0,4.0,657427000.0,2512924.1930468176,654128000.0,656189000.0,657906000.0,659144000.0,659768000.0,4.0,5342967500.0,1557591.6238432545,5341920000.0,5341972500.0,5342355000.0,5343350000.0,5345240000.0,4.0,804847500.0,256563.83221335,804470000.0,804807500.0,804940000.0,804980000.0,805040000.0,4.0,26444544000.0,21364230.542349674,26431356000.0,26433894000.0,26435174000.0,26445824000.0,26476472000.0,4.0,4.0,0.0,4.0,4.0,4.0,4.0,4.0,4.0,13.0,2.160246899469287,11.0,11.75,12.5,13.75,16.0,4.0,442.115,1.384497502104401,440.5,441.4225,442.07000000000005,442.76250000000005,443.82,4.0,0.44211500000000004,0.0013844975021044003,0.4405,0.4414225,0.44207,0.4427625,0.44382,4.0,0.000442115,1.3844975021044117e-06,0.0004405,0.00044142249999999997,0.00044207000000000003,0.00044276250000000004,0.00044382,4.0,657427.0,2512.924193046818,654128.0,656189.0,657906.0,659144.0,659768.0,4.0,657.427,2.5129241930468167,654.128,656.189,657.906,659.144,659.768,4.0,0.657427,0.0025129241930467974,0.654128,0.656189,0.657906,0.659144,0.659768,4.0,5342967.5,1557.5916238432546,5341920.0,5341972.5,5342355.0,5343350.0,5345240.0,4.0,5342.9675,1.5575916238431642,5341.92,5341.9725,5342.355,5343.35,5345.24,4.0,5.342967499999999,0.0015575916238434672,5.34192,5.3419725,5.3423549999999995,5.34335,5.34524,4.0,804847.5,256.56383221335,804470.0,804807.5,804940.0,804980.0,805040.0,4.0,804.8475000000001,0.25656383221332896,804.47,804.8075,804.94,804.98,805.04,4.0,0.8048475,0.0002565638322133338,0.80447,0.8048075,0.80494,0.80498,0.80504,4.0,26444544.0,21364.230542349676,26431356.0,26433894.0,26435174.0,26445824.0,26476472.0,4.0,26444.544,21.364230542350235,26431.356,26433.894,26435.174,26445.824,26476.472,4.0,26.444544,0.021364230542350027,26.431356,26.433894000000002,26.435174,26.445823999999998,26.476472,4.0,4470.5,26.337552404630667,4442.0,4451.75,4471.0,4489.75,4498.0,4.0,74.50833333333333,0.4389592067438454,74.03333333333333,74.19583333333333,74.51666666666667,74.82916666666667,74.96666666666667,4.0,1.2418055555555556,0.007315986779064115,1.2338888888888888,1.2365972222222221,1.2419444444444445,1.2471527777777778,1.2494444444444446
12,dpp,local,4,gl6,10.0,514615.0,4816.700691921336,509860.0,511537.5,512630.0,517337.5,524610.0,10.0,665798800.0,9357777.143460229,655560000.0,658079000.0,662586000.0,672317000.0,681600000.0,10.0,5344004000.0,1597339.4546349044,5341920000.0,5342202500.0,5345220000.0,5345230000.0,5345240000.0,10.0,804934000.0,170045.74547913735,804470000.0,804950000.0,804955000.0,805037500.0,805040000.0,10.0,26466039600.0,32861583.34996454,26431184000.0,26437215000.0,26457384000.0,26496603000.0,26507760000.0,10.0,4.0,0.0,4.0,4.0,4.0,4.0,4.0,10.0,7.3,5.6774407379851475,1.0,3.25,6.5,9.5,20.0,10.0,514.615,4.816700691921343,509.86,511.5375,512.63,517.3375,524.61,10.0,0.514615,0.004816700691921351,0.50986,0.5115375,0.51263,0.5173375,0.52461,10.0,0.0005146150000000001,4.816700691921338e-06,0.00050986,0.0005115375,0.00051263,0.0005173374999999999,0.00052461,10.0,665798.8,9357.777143460227,655560.0,658079.0,662586.0,672317.0,681600.0,10.0,665.7987999999999,9.357777143460215,655.56,658.0790000000001,662.586,672.317,681.6,10.0,0.6657988,0.009357777143460224,0.65556,0.6580790000000001,0.6625859999999999,0.672317,0.6816,10.0,5344004.0,1597.3394546349043,5341920.0,5342202.5,5345220.0,5345230.0,5345240.0,10.0,5344.003999999999,1.5973394546348676,5341.92,5342.202499999999,5345.22,5345.23,5345.24,10.0,5.344004000000001,0.001597339454634985,5.34192,5.3422025,5.34522,5.34523,5.34524,10.0,804934.0,170.04574547913734,804470.0,804950.0,804955.0,805037.5,805040.0,10.0,804.934,0.17004574547912232,804.47,804.95,804.955,805.0374999999999,805.04,10.0,0.804934,0.00017004574547913024,0.80447,0.80495,0.8049550000000001,0.8050375,0.80504,10.0,26466039.6,32861.58334996454,26431184.0,26437215.0,26457384.0,26496603.0,26507760.0,10.0,26466.0396,32.86158334996398,26431.184,26437.215,26457.384,26496.603000000003,26507.76,10.0,26.4660396,0.032861583349964966,26.431184,26.437215,26.457383999999998,26.496603,26.50776,10.0,4387.2,74.11522560625897,4317.0,4342.5,4355.0,4416.25,4562.0,10.0,73.12,1.235253760104316,71.95,72.375,72.58333333333334,73.60416666666666,76.03333333333333,10.0,1.2186666666666668,0.020587562668405272,1.1991666666666667,1.20625,1.2097222222222221,1.226736111111111,1.2672222222222222
13,dpp,local,8,gl2,10.0,186238.0,509.047039956907,185290.0,185912.5,186355.0,186517.5,187040.0,10.0,1119403600.0,3773990.260836518,1114796000.0,1116190000.0,1119860000.0,1120224000.0,1126708000.0,10.0,5345374000.0,54201.27099780759,5345300000.0,5345317500.0,5345410000.0,5345417500.0,5345420000.0,10.0,802556000.0,228434.28425309152,802220000.0,802332500.0,802695000.0,802710000.0,802720000.0,10.0,36324921200.0,14449570.734108333,36310828000.0,36315558000.0,36322014000.0,36325539000.0,36357232000.0,10.0,8.0,0.0,8.0,8.0,8.0,8.0,8.0,10.0,9.2,5.902918298980975,1.0,4.75,9.5,12.75,20.0,10.0,186.238,0.5090470399569064,185.29,185.9125,186.35500000000002,186.51749999999998,187.04,10.0,0.18623800000000001,0.0005090470399569101,0.18529,0.1859125,0.186355,0.1865175,0.18704,10.0,0.00018623799999999997,5.090470399569036e-07,0.00018529,0.0001859125,0.000186355,0.00018651749999999998,0.00018704,10.0,1119403.6,3773.990260836518,1114796.0,1116190.0,1119860.0,1120224.0,1126708.0,10.0,1119.4035999999999,3.7739902608365377,1114.796,1116.19,1119.86,1120.224,1126.708,10.0,1.1194036,0.0037739902608365542,1.114796,1.11619,1.11986,1.1202239999999999,1.126708,10.0,5345374.0,54.20127099780758,5345300.0,5345317.5,5345410.0,5345417.5,5345420.0,10.0,5345.374,0.054201270997678117,5345.3,5345.3175,5345.41,5345.4175,5345.42,10.0,5.345374,5.420127099787135e-05,5.3453,5.3453175,5.34541,5.3454175,5.34542,10.0,802556.0,228.43428425309153,802220.0,802332.5,802695.0,802710.0,802720.0,10.0,802.556,0.22843428425309079,802.22,802.3325,802.6949999999999,802.71,802.72,10.0,0.802556,0.000228434284253092,0.80222,0.8023325,0.8026949999999999,0.80271,0.80272,10.0,36324921.2,14449.570734108333,36310828.0,36315558.0,36322014.0,36325539.0,36357232.0,10.0,36324.9212,14.449570734108597,36310.828,36315.558000000005,36322.014,36325.539,36357.232,10.0,36.324921200000006,0.014449570734108868,36.310828,36.315557999999996,36.322013999999996,36.325539,36.357232,10.0,3247.8,32.05481416435153,3198.0,3223.5,3256.0,3266.5,3292.0,10.0,54.129999999999995,0.5342469027391932,53.3,53.725,54.266666666666666,54.44166666666667,54.86666666666667,10.0,0.9021666666666667,0.00890411504565323,0.8883333333333333,0.8954166666666666,0.9044444444444444,0.9073611111111112,0.9144444444444445
14,dpp,local,8,gl5,3.0,280853.3333333333,2623.4011003530004,277870.0,279880.0,281890.0,282345.0,282800.0,3.0,1178765333.3333333,7669609.985738084,1170932000.0,1175018000.0,1179104000.0,1182682000.0,1186260000.0,3.0,5343060000.0,1880079.7855410285,5341920000.0,5341975000.0,5342030000.0,5343630000.0,5345230000.0,3.0,804920000.0,69282.03230275509,804840000.0,804900000.0,804960000.0,804960000.0,804960000.0,3.0,50528608000.0,30407115.219961263,50497884000.0,50513568000.0,50529252000.0,50543970000.0,50558688000.0,3.0,8.0,0.0,8.0,8.0,8.0,8.0,8.0,3.0,12.0,1.0,11.0,11.5,12.0,12.5,13.0,3.0,280.85333333333335,2.623401100352999,277.87,279.88,281.89,282.345,282.8,3.0,0.28085333333333334,0.0026234011003529903,0.27787,0.27988,0.28189,0.28234499999999996,0.2828,3.0,0.00028085333333333334,2.623401100353005e-06,0.00027787,0.00027988000000000004,0.00028189,0.00028234500000000004,0.0002828,3.0,1178765.3333333333,7669.609985738084,1170932.0,1175018.0,1179104.0,1182682.0,1186260.0,3.0,1178.7653333333335,7.669609985738072,1170.932,1175.018,1179.104,1182.682,1186.26,3.0,1.1787653333333334,0.007669609985738084,1.170932,1.1750180000000001,1.179104,1.182682,1.18626,3.0,5343060.0,1880.0797855410285,5341920.0,5341975.0,5342030.0,5343630.0,5345230.0,3.0,5343.06,1.8800797855408244,5341.92,5341.975,5342.03,5343.629999999999,5345.23,3.0,5.34306,0.001880079785540909,5.34192,5.341975,5.34203,5.34363,5.34523,3.0,804920.0,69.2820323027551,804840.0,804900.0,804960.0,804960.0,804960.0,3.0,804.9200000000001,0.06928203230275772,804.84,804.9000000000001,804.96,804.96,804.96,3.0,0.80492,6.928203230276028e-05,0.80484,0.8049,0.80496,0.80496,0.80496,3.0,50528608.0,30407.115219961266,50497884.0,50513568.0,50529252.0,50543970.0,50558688.0,3.0,50528.608,30.40711521996313,50497.884,50513.568,50529.252,50543.97,50558.688,3.0,50.528608,0.030407115219959993,50.497884,50.513568,50.529252,50.54397,50.558688,3.0,2572.6666666666665,38.68246803570493,2528.0,2561.5,2595.0,2595.0,2595.0,3.0,42.87777777777777,0.6447078005950824,42.13333333333333,42.69166666666666,43.25,43.25,43.25,3.0,0.7146296296296296,0.010745130009918048,0.7022222222222222,0.7115277777777778,0.7208333333333333,0.7208333333333333,0.7208333333333333
15,dpp,local,8,gl6,10.0,323648.0,3644.6850191599397,320560.0,321190.0,321865.0,325987.5,330460.0,10.0,1177571600.0,10035739.237567129,1162740000.0,1169204000.0,1176720000.0,1186012000.0,1191176000.0,10.0,5344332000.0,1461793.419057563,5341990000.0,5343345000.0,5345230000.0,5345230000.0,5345240000.0,10.0,804982000.0,51811.62460726786,804920000.0,804950000.0,804960000.0,805040000.0,805040000.0,10.0,50545786800.0,36266277.15722203,50493304000.0,50514729000.0,50555976000.0,50565040000.0,50595888000.0,10.0,8.0,0.0,8.0,8.0,8.0,8.0,8.0,10.0,7.5,3.0276503540974917,3.0,5.25,7.5,9.75,12.0,10.0,323.648,3.644685019159938,320.56,321.19,321.865,325.9875,330.46,10.0,0.323648,0.003644685019159931,0.32056,0.32119000000000003,0.321865,0.3259875,0.33046,10.0,0.000323648,3.6446850191599355e-06,0.00032056,0.00032119,0.000321865,0.0003259875,0.00033046,10.0,1177571.6,10035.73923756713,1162740.0,1169204.0,1176720.0,1186012.0,1191176.0,10.0,1177.5715999999998,10.035739237567089,1162.74,1169.204,1176.72,1186.012,1191.176,10.0,1.1775715999999998,0.010035739237567102,1.16274,1.169204,1.17672,1.1860119999999998,1.191176,10.0,5344332.0,1461.793419057563,5341990.0,5343345.0,5345230.0,5345230.0,5345240.0,10.0,5344.332,1.4617934190574775,5341.99,5343.345,5345.23,5345.23,5345.24,10.0,5.344332,0.001461793419057628,5.34199,5.343345,5.34523,5.34523,5.34524,10.0,804982.0,51.81162460726786,804920.0,804950.0,804960.0,805040.0,805040.0,10.0,804.982,0.051811624607250965,804.92,804.95,804.96,805.04,805.04,10.0,0.8049820000000001,5.1811624607256815e-05,0.80492,0.80495,0.80496,0.80504,0.80504,10.0,50545786.8,36266.27715722203,50493304.0,50514729.0,50555976.0,50565040.0,50595888.0,10.0,50545.786799999994,36.26627715722246,50493.304,50514.729,50555.976,50565.04,50595.888,10.0,50.5457868,0.036266277157222276,50.493304,50.514729,50.555976,50.565039999999996,50.595888,10.0,2504.2,39.40050761094329,2470.0,2476.5,2491.0,2521.25,2591.0,10.0,41.736666666666665,0.6566751268490535,41.166666666666664,41.275,41.516666666666666,42.02083333333333,43.18333333333333,10.0,0.6956111111111112,0.010944585447484221,0.6861111111111111,0.6879166666666667,0.6919444444444445,0.7003472222222222,0.7197222222222222
16,dpp,local,16,gl5,1.0,201100.0,,201100.0,201100.0,201100.0,201100.0,201100.0,1.0,2196316000.0,,2196316000.0,2196316000.0,2196316000.0,2196316000.0,2196316000.0,1.0,5342030000.0,,5342030000.0,5342030000.0,5342030000.0,5342030000.0,5342030000.0,1.0,804970000.0,,804970000.0,804970000.0,804970000.0,804970000.0,804970000.0,1.0,98613160000.0,,98613160000.0,98613160000.0,98613160000.0,98613160000.0,98613160000.0,1.0,16.0,,16.0,16.0,16.0,16.0,16.0,1.0,11.0,,11.0,11.0,11.0,11.0,11.0,1.0,201.1,,201.1,201.1,201.1,201.1,201.1,1.0,0.2011,,0.2011,0.2011,0.2011,0.2011,0.2011,1.0,0.0002011,,0.0002011,0.0002011,0.0002011,0.0002011,0.0002011,1.0,2196316.0,,2196316.0,2196316.0,2196316.0,2196316.0,2196316.0,1.0,2196.316,,2196.316,2196.316,2196.316,2196.316,2196.316,1.0,2.196316,,2.196316,2.196316,2.196316,2.196316,2.196316,1.0,5342030.0,,5342030.0,5342030.0,5342030.0,5342030.0,5342030.0,1.0,5342.03,,5342.03,5342.03,5342.03,5342.03,5342.03,1.0,5.34203,,5.34203,5.34203,5.34203,5.34203,5.34203,1.0,804970.0,,804970.0,804970.0,804970.0,804970.0,804970.0,1.0,804.97,,804.97,804.97,804.97,804.97,804.97,1.0,0.80497,,0.80497,0.80497,0.80497,0.80497,0.80497,1.0,98613160.0,,98613160.0,98613160.0,98613160.0,98613160.0,98613160.0,1.0,98613.16,,98613.16,98613.16,98613.16,98613.16,98613.16,1.0,98.61316,,98.61316,98.61316,98.61316,98.61316,98.61316,1.0,1701.0,,1701.0,1701.0,1701.0,1701.0,1701.0,1.0,28.35,,28.35,28.35,28.35,28.35,28.35,1.0,0.47250000000000003,,0.47250000000000003,0.47250000000000003,0.47250000000000003,0.47250000000000003,0.47250000000000003
17,dpp,local,16,gl6,10.0,226368.0,3723.185016443135,222130.0,224287.5,225440.0,228255.0,232680.0,10.0,2197241600.0,7306715.1336592045,2187452000.0,2192700000.0,2195864000.0,2199872000.0,2213284000.0,10.0,5343937000.0,1680311.1484351805,5341920000.0,5342030000.0,5345235000.0,5345240000.0,5345240000.0,10.0,804985000.0,74721.7059048663,804840000.0,804960000.0,805005000.0,805047500.0,805050000.0,10.0,98645528800.0,27611941.300821282,98615668000.0,98625282000.0,98628734000.0,98671343000.0,98689984000.0,10.0,16.0,0.0,16.0,16.0,16.0,16.0,16.0,10.0,5.8,3.4253953543107007,1.0,3.25,5.5,8.5,11.0,10.0,226.36800000000002,3.723185016443137,222.13,224.2875,225.44,228.255,232.68,10.0,0.22636800000000004,0.003723185016443132,0.22213,0.2242875,0.22544,0.22825499999999999,0.23268,10.0,0.000226368,3.723185016443136e-06,0.00022213,0.0002242875,0.00022544,0.00022825500000000002,0.00023268,10.0,2197241.6,7306.715133659204,2187452.0,2192700.0,2195864.0,2199872.0,2213284.0,10.0,2197.2416000000003,7.306715133659175,2187.452,2192.7,2195.864,2199.8720000000003,2213.284,10.0,2.1972416,0.007306715133659146,2.187452,2.1927,2.1958640000000003,2.199872,2.213284,10.0,5343937.0,1680.3111484351805,5341920.0,5342030.0,5345235.0,5345240.0,5345240.0,10.0,5343.937,1.6803111484350992,5341.92,5342.03,5345.235,5345.24,5345.24,10.0,5.343937000000001,0.001680311148435257,5.34192,5.34203,5.345235000000001,5.34524,5.34524,10.0,804985.0,74.72170590486631,804840.0,804960.0,805005.0,805047.5,805050.0,10.0,804.985,0.07472170590483893,804.84,804.96,805.005,805.0474999999999,805.05,10.0,0.804985,7.472170590487625e-05,0.80484,0.80496,0.805005,0.8050475,0.80505,10.0,98645528.8,27611.941300821283,98615668.0,98625282.0,98628734.0,98671343.0,98689984.0,10.0,98645.52879999999,27.6119413008212,98615.668,98625.282,98628.734,98671.343,98689.984,10.0,98.64552880000001,0.027611941300821122,98.615668,98.625282,98.62873400000001,98.67134300000001,98.689984,10.0,1604.0,51.20763831912405,1544.0,1564.0,1579.5,1648.0,1679.0,10.0,26.73333333333333,0.8534606386520674,25.733333333333334,26.066666666666666,26.325000000000003,27.466666666666665,27.983333333333334,10.0,0.4455555555555556,0.014224343977534448,0.42888888888888893,0.43444444444444447,0.43875000000000003,0.45777777777777773,0.4663888888888889
18,dpp,local,32,gl5,4.0,175592.5,2247.552372396841,173450.0,173982.5,175255.0,176865.0,178410.0,4.0,3896980000.0,21093084.111464906,3878820000.0,3879117000.0,3894730000.0,3912593000.0,3919640000.0,4.0,5345237500.0,5000.0,5345230000.0,5345237500.0,5345240000.0,5345240000.0,5345240000.0,4.0,805030000.0,40000.0,804970000.0,805030000.0,805050000.0,805050000.0,805050000.0,4.0,193709100000.0,3655994.1648385236,193704976000.0,193706632000.0,193709268000.0,193711736000.0,193712888000.0,4.0,32.0,0.0,32.0,32.0,32.0,32.0,32.0,4.0,12.5,1.2909944487358056,11.0,11.75,12.5,13.25,14.0,4.0,175.5925,2.247552372396843,173.45,173.9825,175.255,176.865,178.41,4.0,0.1755925,0.002247552372396847,0.17345,0.1739825,0.175255,0.176865,0.17841,4.0,0.0001755925,2.247552372396843e-06,0.00017345,0.0001739825,0.000175255,0.000176865,0.00017841,4.0,3896980.0,21093.08411146491,3878820.0,3879117.0,3894730.0,3912593.0,3919640.0,4.0,3896.98,21.093084111464872,3878.82,3879.117,3894.73,3912.593,3919.64,4.0,3.8969799999999997,0.0210930841114648,3.87882,3.879117,3.89473,3.912593,3.91964,4.0,5345237.5,5.0,5345230.0,5345237.5,5345240.0,5345240.0,5345240.0,4.0,5345.237499999999,0.005000000000109139,5345.23,5345.237499999999,5345.24,5345.24,5345.24,4.0,5.3452375000000005,5.000000000254801e-06,5.34523,5.3452375000000005,5.34524,5.34524,5.34524,4.0,805030.0,40.0,804970.0,805030.0,805050.0,805050.0,805050.0,4.0,805.03,0.03999999999996362,804.97,805.03,805.05,805.05,805.05,4.0,0.80503,4.0000000000040004e-05,0.80497,0.80503,0.80505,0.80505,0.80505,4.0,193709100.0,3655.994164838524,193704976.0,193706632.0,193709268.0,193711736.0,193712888.0,4.0,193709.09999999998,3.655994164843842,193704.976,193706.632,193709.268,193711.736,193712.888,4.0,193.7091,0.0036559941648393844,193.704976,193.706632,193.709268,193.711736,193.712888,4.0,1308.75,53.98996820397903,1263.0,1266.75,1297.5,1339.5,1377.0,4.0,21.8125,0.8998328033996502,21.05,21.1125,21.625,22.325,22.95,4.0,0.36354166666666665,0.014997213389994182,0.35083333333333333,0.351875,0.36041666666666666,0.3720833333333333,0.3825
19,dpp,local,32,gl6,10.0,198764.0,2881.9908242586603,195400.0,196862.5,197685.0,200650.0,203400.0,10.0,3928931200.0,64277450.15477823,3867044000.0,3875313000.0,3906374000.0,3968360000.0,4058076000.0,10.0,5343296000.0,1463505.6846110604,5341880000.0,5341930000.0,5343070000.0,5344785000.0,5345240000.0,10.0,804860000.0,217050.94128132943,804460000.0,804852500.0,804960000.0,804967500.0,805050000.0,10.0,193706632400.0,11584566.507019395,193689624000.0,193700208000.0,193706568000.0,193714692000.0,193723732000.0,10.0,32.0,0.0,32.0,32.0,32.0,32.0,32.0,10.0,6.5,3.0276503540974917,2.0,4.25,6.5,8.75,11.0,10.0,198.764,2.8819908242586627,195.4,196.8625,197.685,200.65,203.4,10.0,0.19876400000000002,0.0028819908242586597,0.1954,0.1968625,0.197685,0.20065,0.2034,10.0,0.000198764,2.8819908242586617e-06,0.0001954,0.0001968625,0.00019768500000000002,0.00020065,0.0002034,10.0,3928931.2,64277.45015477823,3867044.0,3875313.0,3906374.0,3968360.0,4058076.0,10.0,3928.9312,64.27745015477825,3867.044,3875.313,3906.374,3968.36,4058.076,10.0,3.9289312,0.0642774501547782,3.867044,3.8753130000000002,3.906374,3.96836,4.058076,10.0,5343296.0,1463.5056846110606,5341880.0,5341930.0,5343070.0,5344785.0,5345240.0,10.0,5343.296,1.4635056846109233,5341.88,5341.93,5343.07,5344.785,5345.24,10.0,5.3432960000000005,0.001463505684611259,5.34188,5.34193,5.34307,5.344785,5.34524,10.0,804860.0,217.05094128132941,804460.0,804852.5,804960.0,804967.5,805050.0,10.0,804.8600000000001,0.21705094128131533,804.46,804.8525,804.96,804.9675,805.05,10.0,0.80486,0.00021705094128133675,0.80446,0.8048525,0.80496,0.8049675,0.80505,10.0,193706632.4,11584.566507019395,193689624.0,193700208.0,193706568.0,193714692.0,193723732.0,10.0,193706.6324,11.584566507017628,193689.624,193700.20799999998,193706.568,193714.692,193723.732,10.0,193.7066324,0.011584566507019372,193.689624,193.700208,193.706568,193.714692,193.723732,10.0,1288.9,32.64097629258864,1252.0,1262.0,1278.5,1320.0,1340.0,10.0,21.481666666666666,0.5440162715431437,20.866666666666667,21.033333333333335,21.308333333333334,22.0,22.333333333333332,10.0,0.3580277777777777,0.009066937859052392,0.3477777777777778,0.35055555555555556,0.3551388888888889,0.36666666666666664,0.3722222222222222
