,Workflow,mode,ncores,node,ConsumedEnergy,ConsumedEnergy,ConsumedEnergy,ConsumedEnergy,ConsumedEnergy,ConsumedEnergy,ConsumedEnergy,ConsumedEnergy,AveRSS,AveRSS,AveRSS,AveRSS,AveRSS,AveRSS,AveRSS,AveRSS,AveDiskRead,AveDiskRead,AveDiskRead,AveDiskRead,AveDiskRead,AveDiskRead,AveDiskRead,AveDiskRead,AveDiskWrite,AveDiskWrite,AveDiskWrite,AveDiskWrite,AveDiskWrite,AveDiskWrite,AveDiskWrite,AveDiskWrite,AveVMSize,AveVMSize,AveVMSize,AveVMSize,AveVMSize,AveVMSize,AveVMSize,AveVMSize,NCPUS,NCPUS,NCPUS,NCPUS,NCPUS,NCPUS,NCPUS,NCPUS,Account,Account,Account,Account,Account,Account,Account,Account,AdminComment,AdminComment,AdminComment,AdminComment,AdminComment,AdminComment,AdminComment,AdminComment,AllocCPUS,AllocCPUS,AllocCPUS,AllocCPUS,AllocCPUS,AllocCPUS,AllocCPUS,AllocCPUS,AllocNodes,AllocNodes,AllocNodes,AllocNodes,AllocNodes,AllocNodes,AllocNodes,AllocNodes,AssocID,AssocID,AssocID,AssocID,AssocID,AssocID,AssocID,AssocID,AvePages,AvePages,AvePages,AvePages,AvePages,AvePages,AvePages,AvePages,BlockID,BlockID,BlockID,BlockID,BlockID,BlockID,BlockID,BlockID,Comment,Comment,Comment,Comment,Comment,Comment,Comment,Comment,Constraints,Constraints,Constraints,Constraints,Constraints,Constraints,Constraints,Constraints,ConsumedEnergyRaw,ConsumedEnergyRaw,ConsumedEnergyRaw,ConsumedEnergyRaw,ConsumedEnergyRaw,ConsumedEnergyRaw,ConsumedEnergyRaw,ConsumedEnergyRaw,Container,Container,Container,Container,Container,Container,Container,Container,CPUTimeRAW,CPUTimeRAW,CPUTimeRAW,CPUTimeRAW,CPUTimeRAW,CPUTimeRAW,CPUTimeRAW,CPUTimeRAW,DBIndex,DBIndex,DBIndex,DBIndex,DBIndex,DBIndex,DBIndex,DBIndex,ElapsedRaw,ElapsedRaw,ElapsedRaw,ElapsedRaw,ElapsedRaw,ElapsedRaw,ElapsedRaw,ElapsedRaw,FailedNode,FailedNode,FailedNode,FailedNode,FailedNode,FailedNode,FailedNode,FailedNode,GID,GID,GID,GID,GID,GID,GID,GID,MaxDiskReadTask,MaxDiskReadTask,MaxDiskReadTask,MaxDiskReadTask,MaxDiskReadTask,MaxDiskReadTask,MaxDiskReadTask,MaxDiskReadTask,MaxDiskWriteTask,MaxDiskWriteTask,MaxDiskWriteTask,MaxDiskWriteTask,MaxDiskWriteTask,MaxDiskWriteTask,MaxDiskWriteTask,MaxDiskWriteTask,MaxPages,MaxPages,MaxPages,MaxPages,MaxPages,MaxPages,MaxPages,MaxPages,MaxPagesTask,MaxPagesTask,MaxPagesTask,MaxPagesTask,MaxPagesTask,MaxPagesTask,MaxPagesTask,MaxPagesTask,MaxRSSTask,MaxRSSTask,MaxRSSTask,MaxRSSTask,MaxRSSTask,MaxRSSTask,MaxRSSTask,MaxRSSTask,MaxVMSizeTask,MaxVMSizeTask,MaxVMSizeTask,MaxVMSizeTask,MaxVMSizeTask,MaxVMSizeTask,MaxVMSizeTask,MaxVMSizeTask,McsLabel,McsLabel,McsLabel,McsLabel,McsLabel,McsLabel,McsLabel,McsLabel,MinCPUTask,MinCPUTask,MinCPUTask,MinCPUTask,MinCPUTask,MinCPUTask,MinCPUTask,MinCPUTask,NNodes,NNodes,NNodes,NNodes,NNodes,NNodes,NNodes,NNodes,NTasks,NTasks,NTasks,NTasks,NTasks,NTasks,NTasks,NTasks,PlannedCPURAW,PlannedCPURAW,PlannedCPURAW,PlannedCPURAW,PlannedCPURAW,PlannedCPURAW,PlannedCPURAW,PlannedCPURAW,Priority,Priority,Priority,Priority,Priority,Priority,Priority,Priority,QOSRAW,QOSRAW,QOSRAW,QOSRAW,QOSRAW,QOSRAW,QOSRAW,QOSRAW,ReqCPUS,ReqCPUS,ReqCPUS,ReqCPUS,ReqCPUS,ReqCPUS,ReqCPUS,ReqCPUS,ReqNodes,ReqNodes,ReqNodes,ReqNodes,ReqNodes,ReqNodes,ReqNodes,ReqNodes,Reservation,Reservation,Reservation,Reservation,Reservation,Reservation,Reservation,Reservation,ReservationId,ReservationId,ReservationId,ReservationId,ReservationId,ReservationId,ReservationId,ReservationId,SystemComment,SystemComment,SystemComment,SystemComment,SystemComment,SystemComment,SystemComment,SystemComment,UID,UID,UID,UID,UID,UID,UID,UID,WCKey,WCKey,WCKey,WCKey,WCKey,WCKey,WCKey,WCKey,WCKeyID,WCKeyID,WCKeyID,WCKeyID,WCKeyID,WCKeyID,WCKeyID,WCKeyID,trial,trial,trial,trial,trial,trial,trial,trial,ConsumedEnergyK,ConsumedEnergyK,ConsumedEnergyK,ConsumedEnergyK,ConsumedEnergyK,ConsumedEnergyK,ConsumedEnergyK,ConsumedEnergyK,ConsumedEnergyM,ConsumedEnergyM,ConsumedEnergyM,ConsumedEnergyM,ConsumedEnergyM,ConsumedEnergyM,ConsumedEnergyM,ConsumedEnergyM,ConsumedEnergyG,ConsumedEnergyG,ConsumedEnergyG,ConsumedEnergyG,ConsumedEnergyG,ConsumedEnergyG,ConsumedEnergyG,ConsumedEnergyG,AveRSSK,AveRSSK,AveRSSK,AveRSSK,AveRSSK,AveRSSK,AveRSSK,AveRSSK,AveRSSM,AveRSSM,AveRSSM,AveRSSM,AveRSSM,AveRSSM,AveRSSM,AveRSSM,AveRSSG,AveRSSG,AveRSSG,AveRSSG,AveRSSG,AveRSSG,AveRSSG,AveRSSG,AveDiskReadK,AveDiskReadK,AveDiskReadK,AveDiskReadK,AveDiskReadK,AveDiskReadK,AveDiskReadK,AveDiskReadK,AveDiskReadM,AveDiskReadM,AveDiskReadM,AveDiskReadM,AveDiskReadM,AveDiskReadM,AveDiskReadM,AveDiskReadM,AveDiskReadG,AveDiskReadG,AveDiskReadG,AveDiskReadG,AveDiskReadG,AveDiskReadG,AveDiskReadG,AveDiskReadG,AveDiskWriteK,AveDiskWriteK,AveDiskWriteK,AveDiskWriteK,AveDiskWriteK,AveDiskWriteK,AveDiskWriteK,AveDiskWriteK,AveDiskWriteM,AveDiskWriteM,AveDiskWriteM,AveDiskWriteM,AveDiskWriteM,AveDiskWriteM,AveDiskWriteM,AveDiskWriteM,AveDiskWriteG,AveDiskWriteG,AveDiskWriteG,AveDiskWriteG,AveDiskWriteG,AveDiskWriteG,AveDiskWriteG,AveDiskWriteG,AveVMSizeK,AveVMSizeK,AveVMSizeK,AveVMSizeK,AveVMSizeK,AveVMSizeK,AveVMSizeK,AveVMSizeK,AveVMSizeM,AveVMSizeM,AveVMSizeM,AveVMSizeM,AveVMSizeM,AveVMSizeM,AveVMSizeM,AveVMSizeM,AveVMSizeG,AveVMSizeG,AveVMSizeG,AveVMSizeG,AveVMSizeG,AveVMSizeG,AveVMSizeG,AveVMSizeG,ElapsedSeconds,ElapsedSeconds,ElapsedSeconds,ElapsedSeconds,ElapsedSeconds,ElapsedSeconds,ElapsedSeconds,ElapsedSeconds,ElapsedMinutes,ElapsedMinutes,ElapsedMinutes,ElapsedMinutes,ElapsedMinutes,ElapsedMinutes,ElapsedMinutes,ElapsedMinutes,ElapsedHours,ElapsedHours,ElapsedHours,ElapsedHours,ElapsedHours,ElapsedHours,ElapsedHours,ElapsedHours,n_ave_cpu,n_ave_cpu,n_ave_cpu,n_ave_cpu,n_ave_cpu,n_ave_cpu,n_ave_cpu,n_ave_cpu,n_elapsed,n_elapsed,n_elapsed,n_elapsed,n_elapsed,n_elapsed,n_elapsed,n_elapsed,cpu_utilization,cpu_utilization,cpu_utilization,cpu_utilization,cpu_utilization,cpu_utilization,cpu_utilization,cpu_utilization
,,,,,count,mean,std,min,25%,50%,75%,max,count,mean,std,min,25%,50%,75%,max,count,mean,std,min,25%,50%,75%,max,count,mean,std,min,25%,50%,75%,max,count,mean,std,min,25%,50%,75%,max,count,mean,std,min,25%,50%,75%,max,count,mean,std,min,25%,50%,75%,max,count,mean,std,min,25%,50%,75%,max,count,mean,std,min,25%,50%,75%,max,count,mean,std,min,25%,50%,75%,max,count,mean,std,min,25%,50%,75%,max,count,mean,std,min,25%,50%,75%,max,count,mean,std,min,25%,50%,75%,max,count,mean,std,min,25%,50%,75%,max,count,mean,std,min,25%,50%,75%,max,count,mean,std,min,25%,50%,75%,max,count,mean,std,min,25%,50%,75%,max,count,mean,std,min,25%,50%,75%,max,count,mean,std,min,25%,50%,75%,max,count,mean,std,min,25%,50%,75%,max,count,mean,std,min,25%,50%,75%,max,count,mean,std,min,25%,50%,75%,max,count,mean,std,min,25%,50%,75%,max,count,mean,std,min,25%,50%,75%,max,count,mean,std,min,25%,50%,75%,max,count,mean,std,min,25%,50%,75%,max,count,mean,std,min,25%,50%,75%,max,count,mean,std,min,25%,50%,75%,max,count,mean,std,min,25%,50%,75%,max,count,mean,std,min,25%,50%,75%,max,count,mean,std,min,25%,50%,75%,max,count,mean,std,min,25%,50%,75%,max,count,mean,std,min,25%,50%,75%,max,count,mean,std,min,25%,50%,75%,max,count,mean,std,min,25%,50%,75%,max,count,mean,std,min,25%,50%,75%,max,count,mean,std,min,25%,50%,75%,max,count,mean,std,min,25%,50%,75%,max,count,mean,std,min,25%,50%,75%,max,count,mean,std,min,25%,50%,75%,max,count,mean,std,min,25%,50%,75%,max,count,mean,std,min,25%,50%,75%,max,count,mean,std,min,25%,50%,75%,max,count,mean,std,min,25%,50%,75%,max,count,mean,std,min,25%,50%,75%,max,count,mean,std,min,25%,50%,75%,max,count,mean,std,min,25%,50%,75%,max,count,mean,std,min,25%,50%,75%,max,count,mean,std,min,25%,50%,75%,max,count,mean,std,min,25%,50%,75%,max,count,mean,std,min,25%,50%,75%,max,count,mean,std,min,25%,50%,75%,max,count,mean,std,min,25%,50%,75%,max,count,mean,std,min,25%,50%,75%,max,count,mean,std,min,25%,50%,75%,max,count,mean,std,min,25%,50%,75%,max,count,mean,std,min,25%,50%,75%,max,count,mean,std,min,25%,50%,75%,max,count,mean,std,min,25%,50%,75%,max,count,mean,std,min,25%,50%,75%,max,count,mean,std,min,25%,50%,75%,max,count,mean,std,min,25%,50%,75%,max,count,mean,std,min,25%,50%,75%,max,count,mean,std,min,25%,50%,75%,max,count,mean,std,min,25%,50%,75%,max
0,daa,local,4,gl5,6.0,6853333.333333333,119107.79431534557,6770000.0,6787500.0,6820000.0,6837500.0,7090000.0,6.0,1465361333.3333333,9721653.412185946,1456736000.0,1457427000.0,1462416000.0,1471668000.0,1480084000.0,6.0,88366521666.66667,13340823.68771384,88354290000.0,88354330000.0,88366575000.0,88378700000.0,88378700000.0,6.0,12749681666.666666,2044098.0080873487,12747490000.0,12747865000.0,12749895000.0,12751527500.0,12751550000.0,6.0,27543881333.333332,2657631.62734542,27540880000.0,27541821000.0,27543794000.0,27545917000.0,27547032000.0,6.0,4.0,0.0,4.0,4.0,4.0,4.0,4.0,0.0,,,,,,,,0.0,,,,,,,,6.0,4.0,0.0,4.0,4.0,4.0,4.0,4.0,6.0,1.0,0.0,1.0,1.0,1.0,1.0,1.0,6.0,0.0,0.0,0.0,0.0,0.0,0.0,0.0,6.0,0.16666666666666666,0.408248290463863,0.0,0.0,0.0,0.0,1.0,0.0,,,,,,,,0.0,,,,,,,,0.0,,,,,,,,6.0,6851954.666666667,120782.43432828577,6770473.0,6783190.0,6816480.0,6837303.5,7091957.0,0.0,,,,,,,,6.0,263271.3333333333,6644.192612098679,258408.0,260071.0,260986.0,262492.0,276488.0,6.0,48129.0,52.85451730930858,48069.0,48083.25,48129.0,48172.5,48192.0,6.0,65817.83333333333,1661.0481530246698,64602.0,65017.75,65246.5,65623.0,69122.0,0.0,,,,,,,,0.0,,,,,,,,6.0,0.0,0.0,0.0,0.0,0.0,0.0,0.0,6.0,0.0,0.0,0.0,0.0,0.0,0.0,0.0,6.0,2.1666666666666665,2.3166067138525404,0.0,0.25,2.0,3.0,6.0,6.0,0.0,0.0,0.0,0.0,0.0,0.0,0.0,6.0,0.0,0.0,0.0,0.0,0.0,0.0,0.0,6.0,0.0,0.0,0.0,0.0,0.0,0.0,0.0,0.0,,,,,,,,6.0,0.0,0.0,0.0,0.0,0.0,0.0,0.0,6.0,1.0,0.0,1.0,1.0,1.0,1.0,1.0,6.0,1.0,0.0,1.0,1.0,1.0,1.0,1.0,0.0,,,,,,,,0.0,,,,,,,,0.0,,,,,,,,6.0,4.0,0.0,4.0,4.0,4.0,4.0,4.0,6.0,1.0,0.0,1.0,1.0,1.0,1.0,1.0,0.0,,,,,,,,0.0,,,,,,,,0.0,,,,,,,,0.0,,,,,,,,0.0,,,,,,,,0.0,,,,,,,,6.0,33.666666666666664,2.1602468994692865,31.0,32.25,33.5,34.75,37.0,6.0,6853.333333333333,119.10779431534557,6770.0,6787.5,6820.0,6837.5,7090.0,6.0,6.853333333333333,0.11910779431534557,6.77,6.7875,6.82,6.8375,7.09,6.0,0.006853333333333334,0.00011910779431534559,0.00677,0.0067875,0.00682,0.0068375,0.00709,6.0,1465361.3333333333,9721.653412185948,1456736.0,1457427.0,1462416.0,1471668.0,1480084.0,6.0,1465.3613333333333,9.721653412185939,1456.736,1457.427,1462.4160000000002,1471.668,1480.084,6.0,1.4653613333333333,0.009721653412185923,1.456736,1.457427,1.462416,1.471668,1.480084,6.0,88366521.66666667,13340.823687713839,88354290.0,88354330.0,88366575.0,88378700.0,88378700.0,6.0,88366.52166666667,13.34082368771512,88354.29,88354.32999999999,88366.575,88378.7,88378.7,6.0,88.36652166666666,0.013340823687708878,88.35429,88.35433,88.366575,88.3787,88.3787,6.0,12749681.666666666,2044.0980080873487,12747490.0,12747865.0,12749895.0,12751527.5,12751550.0,6.0,12749.68166666667,2.0440980080874827,12747.49,12747.865,12749.895,12751.5275,12751.55,6.0,12.749681666666667,0.002044098008087054,12.74749,12.747865000000001,12.749894999999999,12.7515275,12.75155,6.0,27543881.333333332,2657.6316273454204,27540880.0,27541821.0,27543794.0,27545917.0,27547032.0,6.0,27543.881333333335,2.657631627344982,27540.88,27541.821,27543.794,27545.917,27547.032,6.0,27.54388133333333,0.0026576316273450584,27.54088,27.541821,27.543794,27.545917,27.547032,6.0,65817.83333333333,1661.0481530246698,64602.0,65017.75,65246.5,65623.0,69122.0,6.0,1096.9638888888887,27.684135883744492,1076.7,1083.6291666666666,1087.4416666666666,1093.7166666666667,1152.0333333333333,6.0,18.28273148148148,0.46140226472907564,17.945,18.06048611111111,18.124027777777776,18.228611111111107,19.200555555555557,6.0,225552.83333333334,453.5889842871701,224956.0,225307.5,225511.5,225751.5,226267.0,6.0,65817.83333333333,1661.0481530246698,64602.0,65017.75,65246.5,65623.0,69122.0,6.0,3.428560853239206,0.0778040565932594,3.2734440554382105,3.4389168277836415,3.4549678522903116,3.4679187073173328,3.482183214141977
1,daa,local,4,gl6,6.0,7603333.333333333,40824.8290463863,7540000.0,7582500.0,7610000.0,7630000.0,7650000.0,6.0,1510833333.3333333,94748692.94014913,1460128000.0,1463398000.0,1476280000.0,1486846000.0,1702840000.0,6.0,88370995000.0,11961777.041894738,88354450000.0,88362207500.0,88378700000.0,88378700000.0,88378710000.0,6.0,12752081666.666666,1418230.1176701428,12749260000.0,12752480000.0,12752485000.0,12752497500.0,12753280000.0,6.0,27545143333.333332,2244644.351933434,27542664000.0,27543312000.0,27544948000.0,27547055000.0,27547776000.0,6.0,4.0,0.0,4.0,4.0,4.0,4.0,4.0,0.0,,,,,,,,0.0,,,,,,,,6.0,4.0,0.0,4.0,4.0,4.0,4.0,4.0,6.0,1.0,0.0,1.0,1.0,1.0,1.0,1.0,6.0,0.0,0.0,0.0,0.0,0.0,0.0,0.0,6.0,0.8333333333333334,0.983192080250175,0.0,0.0,0.5,1.75,2.0,0.0,,,,,,,,0.0,,,,,,,,0.0,,,,,,,,6.0,7602960.0,40950.937557032805,7538091.0,7584583.0,7608047.5,7629850.75,7649694.0,0.0,,,,,,,,6.0,249515.33333333334,1411.2653424025784,247324.0,248718.0,249824.0,250696.0,250784.0,6.0,47658.5,130.06882793352142,47536.0,47556.25,47618.5,47768.5,47824.0,6.0,62378.833333333336,352.8163356006446,61831.0,62179.5,62456.0,62674.0,62696.0,0.0,,,,,,,,0.0,,,,,,,,6.0,0.0,0.0,0.0,0.0,0.0,0.0,0.0,6.0,0.0,0.0,0.0,0.0,0.0,0.0,0.0,6.0,3.6666666666666665,3.559026084010437,0.0,1.25,2.5,6.0,9.0,6.0,0.0,0.0,0.0,0.0,0.0,0.0,0.0,6.0,0.0,0.0,0.0,0.0,0.0,0.0,0.0,6.0,0.0,0.0,0.0,0.0,0.0,0.0,0.0,0.0,,,,,,,,6.0,0.0,0.0,0.0,0.0,0.0,0.0,0.0,6.0,1.0,0.0,1.0,1.0,1.0,1.0,1.0,6.0,1.0,0.0,1.0,1.0,1.0,1.0,1.0,0.0,,,,,,,,0.0,,,,,,,,0.0,,,,,,,,6.0,4.0,0.0,4.0,4.0,4.0,4.0,4.0,6.0,1.0,0.0,1.0,1.0,1.0,1.0,1.0,0.0,,,,,,,,0.0,,,,,,,,0.0,,,,,,,,0.0,,,,,,,,0.0,,,,,,,,0.0,,,,,,,,6.0,34.833333333333336,3.430257521916783,31.0,32.25,34.5,36.75,40.0,6.0,7603.333333333333,40.824829046386306,7540.0,7582.5,7610.0,7630.0,7650.0,6.0,7.603333333333333,0.040824829046386346,7.54,7.5825,7.609999999999999,7.63,7.65,6.0,0.007603333333333333,4.082482904638617e-05,0.00754,0.0075825,0.0076100000000000004,0.00763,0.00765,6.0,1510833.3333333333,94748.69294014912,1460128.0,1463398.0,1476280.0,1486846.0,1702840.0,6.0,1510.8333333333333,94.74869294014911,1460.128,1463.398,1476.28,1486.846,1702.84,6.0,1.5108333333333333,0.09474869294014909,1.460128,1.463398,1.47628,1.486846,1.70284,6.0,88370995.0,11961.777041894737,88354450.0,88362207.5,88378700.0,88378700.0,88378710.0,6.0,88370.995,11.961777041893715,88354.45,88362.2075,88378.7,88378.7,88378.71,6.0,88.370995,0.011961777041890942,88.35445,88.36220750000001,88.3787,88.3787,88.37871,6.0,12752081.666666666,1418.2301176701428,12749260.0,12752480.0,12752485.0,12752497.5,12753280.0,6.0,12752.081666666665,1.4182301176701049,12749.26,12752.48,12752.485,12752.4975,12753.28,6.0,12.752081666666667,0.0014182301176703267,12.74926,12.75248,12.752485,12.7524975,12.75328,6.0,27545143.333333332,2244.6443519334343,27542664.0,27543312.0,27544948.0,27547055.0,27547776.0,6.0,27545.143333333337,2.2446443519336285,27542.664,27543.311999999998,27544.948,27547.055,27547.776,6.0,27.545143333333332,0.002244644351933906,27.542664,27.543312,27.544947999999998,27.547055,27.547776,6.0,62378.833333333336,352.8163356006446,61831.0,62179.5,62456.0,62674.0,62696.0,6.0,1039.6472222222221,5.880272260010746,1030.5166666666667,1036.325,1040.9333333333334,1044.5666666666666,1044.9333333333334,6.0,17.327453703703704,0.09800453766684607,17.175277777777776,17.272083333333335,17.348888888888887,17.409444444444443,17.415555555555557,6.0,224556.33333333334,1735.340619782372,222497.0,223552.5,223995.5,226021.0,226749.0,6.0,62378.833333333336,352.8163356006446,61831.0,62179.5,62456.0,62674.0,62696.0,6.0,3.599983636970093,0.03540723059040401,3.5658159196044026,3.572455742162425,3.588854764020076,3.6276783862365662,3.648767378990731
2,daa,local,8,gl5,7.0,4268571.428571428,101230.52428797865,4190000.0000000005,4205000.0,4210000.0,4325000.0,4420000.0,7.0,2614150285.714286,12278091.460188832,2595208000.0,2607914000.0,2619560000.0,2622668000.0,2623120000.0,7.0,88368934285.71428,12210436.597630812,88354370000.0,88356675000.0,88378700000.0,88378705000.0,88378710000.0,7.0,12751277142.857143,1370920.788931224,12748290000.0,12751475000.0,12751520000.0,12751930000.0,12752320000.0,7.0,52589204000.0,10441596.557359735,52569824000.0,52585220000.0,52594120000.0,52595366000.0,52599312000.0,7.0,8.0,0.0,8.0,8.0,8.0,8.0,8.0,0.0,,,,,,,,0.0,,,,,,,,7.0,8.0,0.0,8.0,8.0,8.0,8.0,8.0,7.0,1.0,0.0,1.0,1.0,1.0,1.0,1.0,7.0,0.0,0.0,0.0,0.0,0.0,0.0,0.0,7.0,3.142857142857143,5.871642911161278,0.0,0.0,0.0,3.0,16.0,0.0,,,,,,,,0.0,,,,,,,,0.0,,,,,,,,7.0,4267272.285714285,101803.48610061493,4185964.0,4204193.5,4206136.0,4326506.5,4417406.0,0.0,,,,,,,,7.0,301370.28571428574,10649.957961016962,292424.0,294440.0,295944.0,307540.0,317264.0,7.0,48125.57142857143,47.066821799285684,48063.0,48096.0,48117.0,48159.0,48189.0,7.0,37671.28571428572,1331.2447451271203,36553.0,36805.0,36993.0,38442.5,39658.0,0.0,,,,,,,,0.0,,,,,,,,7.0,0.0,0.0,0.0,0.0,0.0,0.0,0.0,7.0,0.0,0.0,0.0,0.0,0.0,0.0,0.0,7.0,3.5714285714285716,5.94017796751194,0.0,0.0,0.0,4.5,16.0,7.0,0.0,0.0,0.0,0.0,0.0,0.0,0.0,7.0,0.0,0.0,0.0,0.0,0.0,0.0,0.0,7.0,0.0,0.0,0.0,0.0,0.0,0.0,0.0,0.0,,,,,,,,7.0,0.0,0.0,0.0,0.0,0.0,0.0,0.0,7.0,1.0,0.0,1.0,1.0,1.0,1.0,1.0,7.0,1.0,0.0,1.0,1.0,1.0,1.0,1.0,0.0,,,,,,,,0.0,,,,,,,,0.0,,,,,,,,7.0,8.0,0.0,8.0,8.0,8.0,8.0,8.0,7.0,1.0,0.0,1.0,1.0,1.0,1.0,1.0,0.0,,,,,,,,0.0,,,,,,,,0.0,,,,,,,,0.0,,,,,,,,0.0,,,,,,,,0.0,,,,,,,,7.0,34.714285714285715,2.563479777846623,31.0,33.0,35.0,36.5,38.0,7.0,4268.571428571428,101.23052428797858,4190.000000000001,4205.0,4210.0,4325.0,4420.0,7.0,4.26857142857143,0.10123052428797866,4.19,4.205,4.21,4.325,4.42,7.0,0.004268571428571428,0.00010123052428797872,0.00419,0.004205,0.00421,0.004325,0.00442,7.0,2614150.285714286,12278.09146018883,2595208.0,2607914.0,2619560.0,2622668.0,2623120.0,7.0,2614.1502857142864,12.278091460188739,2595.208,2607.9139999999998,2619.56,2622.6679999999997,2623.12,7.0,2.6141502857142855,0.01227809146018882,2.595208,2.607914,2.61956,2.622668,2.62312,7.0,88368934.28571428,12210.43659763081,88354370.0,88356675.0,88378700.0,88378705.0,88378710.0,7.0,88368.93428571429,12.210436597631698,88354.37,88356.675,88378.7,88378.705,88378.71,7.0,88.36893428571429,0.012210436597627453,88.35437,88.356675,88.3787,88.378705,88.37871,7.0,12751277.142857144,1370.920788931224,12748290.0,12751475.0,12751520.0,12751930.0,12752320.0,7.0,12751.277142857143,1.3709207889307913,12748.29,12751.475,12751.52,12751.93,12752.32,7.0,12.751277142857143,0.0013709207889308001,12.74829,12.751475,12.75152,12.75193,12.75232,7.0,52589204.0,10441.596557359735,52569824.0,52585220.0,52594120.0,52595366.0,52599312.0,7.0,52589.20399999999,10.441596557359004,52569.824,52585.22,52594.12,52595.365999999995,52599.312,7.0,52.589203999999995,0.010441596557360761,52.569824,52.58522,52.59412,52.595366,52.599312,7.0,37671.28571428572,1331.2447451271203,36553.0,36805.0,36993.0,38442.5,39658.0,7.0,627.854761904762,22.187412418785343,609.2166666666667,613.4166666666667,616.55,640.7083333333333,660.9666666666667,7.0,10.464246031746033,0.36979020697975573,10.153611111111111,10.223611111111111,10.275833333333333,10.678472222222222,11.016111111111112,7.0,252842.57142857142,610.9268524525821,251794.0,252710.0,252844.0,252983.0,253874.0,7.0,37671.28571428572,1331.2447451271203,36553.0,36805.0,36993.0,38442.5,39658.0,7.0,6.718555109251852,0.22309690550783304,6.396684383700329,6.58499243852666,6.831090613130765,6.855375724144171,6.921374442590212
3,daa,local,8,gl6,7.0,4757142.857142857,21380.89935299395,4730000.0,4750000.0,4750000.0,4760000.0,4800000.0,7.0,2724630285.714286,278627486.2905155,2598584000.0,2619646000.0,2623628000.0,2627412000.0,3356084000.0,7.0,88368582857.14285,12643521.021041717,88354450000.0,88355400000.0,88378700000.0,88378710000.0,88378710000.0,7.0,12751758571.428572,1763296.4259347562,12749260000.0,12750690000.0,12752480000.0,12752925000.0,12753340000.0,7.0,52414739428.57143,464892866.18132323,51360500000.0,52585642000.0,52589456000.0,52592688000.0,52596560000.0,7.0,8.0,0.0,8.0,8.0,8.0,8.0,8.0,0.0,,,,,,,,0.0,,,,,,,,7.0,8.0,0.0,8.0,8.0,8.0,8.0,8.0,7.0,1.0,0.0,1.0,1.0,1.0,1.0,1.0,7.0,0.0,0.0,0.0,0.0,0.0,0.0,0.0,7.0,4.142857142857143,10.106574946185138,0.0,0.0,0.0,1.0,27.0,0.0,,,,,,,,0.0,,,,,,,,0.0,,,,,,,,7.0,4756445.142857143,21139.940708120663,4727075.0,4746564.0,4753035.0,4763242.0,4795394.0,0.0,,,,,,,,7.0,285216.0,1671.687371091457,283248.0,284264.0,284888.0,285788.0,288272.0,7.0,47683.0,122.22929272478018,47563.0,47582.5,47617.0,47803.0,47830.0,7.0,35652.0,208.96092138643212,35406.0,35533.0,35611.0,35723.5,36034.0,0.0,,,,,,,,0.0,,,,,,,,7.0,0.0,0.0,0.0,0.0,0.0,0.0,0.0,7.0,0.0,0.0,0.0,0.0,0.0,0.0,0.0,7.0,7.142857142857143,10.350983390135314,0.0,2.0,4.0,6.0,30.0,7.0,0.0,0.0,0.0,0.0,0.0,0.0,0.0,7.0,0.0,0.0,0.0,0.0,0.0,0.0,0.0,7.0,0.0,0.0,0.0,0.0,0.0,0.0,0.0,0.0,,,,,,,,7.0,0.0,0.0,0.0,0.0,0.0,0.0,0.0,7.0,1.0,0.0,1.0,1.0,1.0,1.0,1.0,7.0,1.0,0.0,1.0,1.0,1.0,1.0,1.0,0.0,,,,,,,,0.0,,,,,,,,0.0,,,,,,,,7.0,8.0,0.0,8.0,8.0,8.0,8.0,8.0,7.0,1.0,0.0,1.0,1.0,1.0,1.0,1.0,0.0,,,,,,,,0.0,,,,,,,,0.0,,,,,,,,0.0,,,,,,,,0.0,,,,,,,,0.0,,,,,,,,7.0,34.857142857142854,3.2877840272018797,31.0,32.5,34.0,37.0,40.0,7.0,4757.142857142857,21.38089935299395,4730.0,4750.0,4750.0,4760.0,4800.0,7.0,4.757142857142857,0.021380899352993792,4.73,4.75,4.75,4.76,4.8,7.0,0.004757142857142857,2.138089935299388e-05,0.00473,0.00475,0.00475,0.00476,0.0048,7.0,2724630.285714286,278627.4862905155,2598584.0,2619646.0,2623628.0,2627412.0,3356084.0,7.0,2724.630285714286,278.6274862905155,2598.584,2619.6459999999997,2623.628,2627.4120000000003,3356.084,7.0,2.724630285714286,0.2786274862905156,2.598584,2.619646,2.623628,2.627412,3.356084,7.0,88368582.85714285,12643.521021041719,88354450.0,88355400.0,88378700.0,88378710.0,88378710.0,7.0,88368.58285714286,12.64352102104404,88354.45,88355.4,88378.7,88378.71,88378.71,7.0,88.36858285714285,0.012643521021039316,88.35445,88.3554,88.3787,88.37871,88.37871,7.0,12751758.57142857,1763.2964259347564,12749260.0,12750690.0,12752480.0,12752925.0,12753340.0,7.0,12751.75857142857,1.7632964259346622,12749.26,12750.69,12752.48,12752.925,12753.34,7.0,12.75175857142857,0.0017632964259350088,12.74926,12.750689999999999,12.75248,12.752925000000001,12.75334,7.0,52414739.428571425,464892.86618132325,51360500.0,52585642.0,52589456.0,52592688.0,52596560.0,7.0,52414.73942857143,464.89286618132274,51360.5,52585.642,52589.456,52592.687999999995,52596.56,7.0,52.41473942857143,0.4648928661813221,51.3605,52.585642,52.589456,52.592687999999995,52.59656,7.0,35652.0,208.96092138643212,35406.0,35533.0,35611.0,35723.5,36034.0,7.0,594.1999999999999,3.482682023107223,590.1,592.2166666666667,593.5166666666667,595.3916666666667,600.5666666666667,7.0,9.903333333333334,0.058044700385120454,9.835,9.870277777777776,9.891944444444444,9.923194444444444,10.009444444444446,7.0,251742.7142857143,1797.9417597432268,249582.0,250142.5,251987.0,253248.5,253848.0,7.0,35652.0,208.96092138643212,35406.0,35533.0,35611.0,35723.5,36034.0,7.0,7.061403387905085,0.07532047975590905,6.993034356441139,7.001837960394452,7.009266799584398,7.134845987734847,7.15415466305146
4,daa,local,16,gl6,4.0,3222500.0,26299.55639676583,3200000.0,3207500.0,3215000.0,3230000.0,3260000.0,4.0,4912956000.0,16663919.666953111,4897780000.0,4899106000.0,4912054000.0,4925904000.0,4929936000.0,4.0,88366622500.0,14009404.876724778,88354490000.0,88354490000.0,88366620000.0,88378752500.0,88378760000.0,4.0,12751147500.0,2100497.9568346804,12749340000.0,12749355000.0,12750955000.0,12752747500.0,12753340000.0,4.0,102494295000.0,47242147.66498238,102425064000.0,102484605000.0,102511532000.0,102521222000.0,102529052000.0,4.0,16.0,0.0,16.0,16.0,16.0,16.0,16.0,0.0,,,,,,,,0.0,,,,,,,,4.0,16.0,0.0,16.0,16.0,16.0,16.0,16.0,4.0,1.0,0.0,1.0,1.0,1.0,1.0,1.0,4.0,0.0,0.0,0.0,0.0,0.0,0.0,0.0,4.0,0.0,0.0,0.0,0.0,0.0,0.0,0.0,0.0,,,,,,,,0.0,,,,,,,,0.0,,,,,,,,4.0,3224502.0,27326.619146905094,3204461.0,3210365.0,3214367.5,3228504.5,3264812.0,0.0,,,,,,,,4.0,347208.0,4915.317012496074,344464.0,344512.0,344904.0,347600.0,354560.0,4.0,47767.0,71.37226352022192,47662.0,47756.5,47792.5,47803.0,47821.0,4.0,21700.5,307.20731328100464,21529.0,21532.0,21556.5,21725.0,22160.0,0.0,,,,,,,,0.0,,,,,,,,4.0,0.0,0.0,0.0,0.0,0.0,0.0,0.0,4.0,0.0,0.0,0.0,0.0,0.0,0.0,0.0,4.0,0.75,0.9574271077563381,0.0,0.0,0.5,1.25,2.0,4.0,0.0,0.0,0.0,0.0,0.0,0.0,0.0,4.0,0.0,0.0,0.0,0.0,0.0,0.0,0.0,4.0,0.0,0.0,0.0,0.0,0.0,0.0,0.0,0.0,,,,,,,,4.0,0.0,0.0,0.0,0.0,0.0,0.0,0.0,4.0,1.0,0.0,1.0,1.0,1.0,1.0,1.0,4.0,1.0,0.0,1.0,1.0,1.0,1.0,1.0,0.0,,,,,,,,0.0,,,,,,,,0.0,,,,,,,,4.0,16.0,0.0,16.0,16.0,16.0,16.0,16.0,4.0,1.0,0.0,1.0,1.0,1.0,1.0,1.0,0.0,,,,,,,,0.0,,,,,,,,0.0,,,,,,,,0.0,,,,,,,,0.0,,,,,,,,0.0,,,,,,,,4.0,34.0,1.8257418583505538,32.0,32.75,34.0,35.25,36.0,4.0,3222.5,26.299556396765833,3200.0,3207.5,3215.0,3230.0,3260.0,4.0,3.2225,0.02629955639676568,3.2,3.2075,3.215,3.23,3.26,4.0,0.0032225000000000005,2.6299556396765697e-05,0.0032,0.0032075000000000003,0.003215,0.0032300000000000002,0.00326,4.0,4912956.0,16663.919666953112,4897780.0,4899106.0,4912054.0,4925904.0,4929936.0,4.0,4912.956,16.663919666953237,4897.78,4899.106,4912.054,4925.904,4929.936,4.0,4.912955999999999,0.016663919666952832,4.89778,4.899106,4.9120539999999995,4.925903999999999,4.929936,4.0,88366622.5,14009.404876724779,88354490.0,88354490.0,88366620.0,88378752.5,88378760.0,4.0,88366.6225,14.009404876720241,88354.49,88354.49,88366.62,88378.7525,88378.76,4.0,88.36662249999999,0.01400940487672464,88.35449,88.35449,88.36662,88.37875249999999,88.37876,4.0,12751147.5,2100.4979568346803,12749340.0,12749355.0,12750955.0,12752747.5,12753340.0,4.0,12751.1475,2.1004979568343622,12749.34,12749.355,12750.955,12752.7475,12753.34,4.0,12.751147499999998,0.0021004979568345792,12.74934,12.749355,12.750955,12.7527475,12.75334,4.0,102494295.0,47242.14766498238,102425064.0,102484605.0,102511532.0,102521222.0,102529052.0,4.0,102494.295,47.24214766498141,102425.064,102484.60500000001,102511.532,102521.222,102529.052,4.0,102.49429500000001,0.04724214766497849,102.425064,102.484605,102.511532,102.521222,102.529052,4.0,21700.5,307.20731328100464,21529.0,21532.0,21556.5,21725.0,22160.0,4.0,361.675,5.120121888016734,358.81666666666666,358.8666666666667,359.275,362.08333333333337,369.3333333333333,4.0,6.027916666666666,0.08533536480027891,5.980277777777777,5.981111111111111,5.987916666666667,6.034722222222222,6.155555555555555,4.0,287942.0,656.5906893440794,287358.0,287581.5,287768.5,288129.0,288873.0,4.0,21700.5,307.20731328100464,21529.0,21532.0,21556.5,21725.0,22160.0,4.0,13.270573302729007,0.15678678496161302,13.035785198555956,13.26407836636744,13.34259071480561,13.349085651167174,13.36132658274885
5,daa,local,32,gl6,5.0,2720000.0,28284.2712474619,2700000.0,2700000.0,2700000.0,2740000.0,2760000.0,5.0,9461403200.0,59687211.58841314,9359000000.0,9465760000.0,9480960000.0,9488772000.0,9512524000.0,5.0,88373902000.0,10851639.046706263,88354490000.0,88378750000.0,88378750000.0,88378760000.0,88378760000.0,5.0,12752216000.0,1683383.4976023734,12749290000.0,12752550000.0,12752550000.0,12753320000.0,12753370000.0,5.0,202019812800.0,145693891.9625665,201919340000.0,201920216000.0,201967480000.0,202022928000.0,202269100000.0,5.0,32.0,0.0,32.0,32.0,32.0,32.0,32.0,0.0,,,,,,,,0.0,,,,,,,,5.0,32.0,0.0,32.0,32.0,32.0,32.0,32.0,5.0,1.0,0.0,1.0,1.0,1.0,1.0,1.0,5.0,0.0,0.0,0.0,0.0,0.0,0.0,0.0,5.0,3.4,3.7815340802378072,0.0,1.0,1.0,7.0,8.0,0.0,,,,,,,,0.0,,,,,,,,0.0,,,,,,,,5.0,2719540.0,28635.424451193314,2697243.0,2699647.0,2701698.0,2738006.0,2761106.0,0.0,,,,,,,,5.0,543654.4,17523.60729986837,530688.0,532480.0,533664.0,549472.0,571968.0,5.0,47653.0,76.33806389999684,47602.0,47611.0,47614.0,47653.0,47785.0,5.0,16989.2,547.6127281208866,16584.0,16640.0,16677.0,17171.0,17874.0,0.0,,,,,,,,0.0,,,,,,,,5.0,0.0,0.0,0.0,0.0,0.0,0.0,0.0,5.0,0.0,0.0,0.0,0.0,0.0,0.0,0.0,5.0,5.6,4.159326868617084,1.0,3.0,4.0,10.0,10.0,5.0,0.0,0.0,0.0,0.0,0.0,0.0,0.0,5.0,0.0,0.0,0.0,0.0,0.0,0.0,0.0,5.0,0.0,0.0,0.0,0.0,0.0,0.0,0.0,0.0,,,,,,,,5.0,0.0,0.0,0.0,0.0,0.0,0.0,0.0,5.0,1.0,0.0,1.0,1.0,1.0,1.0,1.0,5.0,1.0,0.0,1.0,1.0,1.0,1.0,1.0,0.0,,,,,,,,0.0,,,,,,,,0.0,,,,,,,,5.0,32.0,0.0,32.0,32.0,32.0,32.0,32.0,5.0,1.0,0.0,1.0,1.0,1.0,1.0,1.0,0.0,,,,,,,,0.0,,,,,,,,0.0,,,,,,,,0.0,,,,,,,,0.0,,,,,,,,0.0,,,,,,,,5.0,36.6,2.4083189157584592,34.0,35.0,36.0,38.0,40.0,5.0,2720.0,28.284271247461902,2700.0,2700.0,2700.0,2740.0,2760.0,5.0,2.72,0.02828427124746177,2.7,2.7,2.7,2.74,2.76,5.0,0.0027199999999999998,2.8284271247461746e-05,0.0027,0.0027,0.0027,0.00274,0.00276,5.0,9461403.2,59687.21158841314,9359000.0,9465760.0,9480960.0,9488772.0,9512524.0,5.0,9461.4032,59.68721158841304,9359.0,9465.76,9480.96,9488.772,9512.524,5.0,9.4614032,0.05968721158841339,9.359,9.46576,9.48096,9.488772,9.512524,5.0,88373902.0,10851.639046706263,88354490.0,88378750.0,88378750.0,88378760.0,88378760.0,5.0,88373.902,10.851639046702747,88354.49,88378.75,88378.75,88378.76,88378.76,5.0,88.373902,0.010851639046706156,88.35449,88.37875,88.37875,88.37876,88.37876,5.0,12752216.0,1683.3834976023734,12749290.0,12752550.0,12752550.0,12753320.0,12753370.0,5.0,12752.216,1.6833834976020114,12749.29,12752.55,12752.55,12753.32,12753.37,5.0,12.752216,0.0016833834976023366,12.74929,12.75255,12.75255,12.75332,12.75337,5.0,202019812.8,145693.8919625665,201919340.0,201920216.0,201967480.0,202022928.0,202269100.0,5.0,202019.8128,145.69389196257114,201919.34,201920.216,201967.48,202022.928,202269.1,5.0,202.0198128,0.14569389196256802,201.91934,201.920216,201.96748,202.022928,202.2691,5.0,16989.2,547.6127281208866,16584.0,16640.0,16677.0,17171.0,17874.0,5.0,283.1533333333333,9.126878802014776,276.4,277.3333333333333,277.95,286.18333333333334,297.9,5.0,4.719222222222222,0.15211464670024644,4.6066666666666665,4.622222222222222,4.632499999999999,4.769722222222223,4.965,5.0,436439.4,872.5441536105781,434903.0,436594.0,436815.0,436860.0,437025.0,5.0,16989.2,547.6127281208866,16584.0,16640.0,16677.0,17171.0,17874.0,5.0,25.711262831246227,0.8546049195153943,24.33159897057178,25.426241919515462,26.192660550458715,26.25360576923077,26.352206946454412
6,dpp,local,4,gl5,8.0,464422.5,16755.551532040274,447040.0,449565.0,462120.0,475460.0,491700.0,8.0,689346000.0,13255886.713887855,674812000.0,675212000.0,692326000.0,695482000.0,709528000.0,8.0,5344882500.0,1144511.7486758896,5342050000.0,5345280000.0,5345290000.0,5345290000.0,5345290000.0,8.0,804990000.0,59521.904731427596,804880000.0,804960000.0,805000000.0,805040000.0,805040000.0,8.0,26421648500.0,209916947.9137608,25909000000.0,26463492000.0,26468358000.0,26527431000.0,26544804000.0,8.0,4.0,0.0,4.0,4.0,4.0,4.0,4.0,0.0,,,,,,,,0.0,,,,,,,,8.0,4.0,0.0,4.0,4.0,4.0,4.0,4.0,8.0,1.0,0.0,1.0,1.0,1.0,1.0,1.0,8.0,0.0,0.0,0.0,0.0,0.0,0.0,0.0,8.0,0.125,0.3535533905932738,0.0,0.0,0.0,0.0,1.0,0.0,,,,,,,,0.0,,,,,,,,0.0,,,,,,,,8.0,464421.625,16757.339321175066,447038.0,449561.5,462116.5,475461.5,491702.0,0.0,,,,,,,,8.0,19908.0,1846.350531647305,18092.0,18298.0,19410.0,21488.0,22792.0,8.0,48132.75,36.55817282086182,48066.0,48120.0,48133.5,48146.25,48186.0,8.0,4977.0,461.58763291182623,4523.0,4574.5,4852.5,5372.0,5698.0,0.0,,,,,,,,0.0,,,,,,,,8.0,0.0,0.0,0.0,0.0,0.0,0.0,0.0,8.0,0.0,0.0,0.0,0.0,0.0,0.0,0.0,8.0,0.625,1.407885953173359,0.0,0.0,0.0,0.25,4.0,8.0,0.0,0.0,0.0,0.0,0.0,0.0,0.0,8.0,0.0,0.0,0.0,0.0,0.0,0.0,0.0,8.0,0.0,0.0,0.0,0.0,0.0,0.0,0.0,0.0,,,,,,,,8.0,0.0,0.0,0.0,0.0,0.0,0.0,0.0,8.0,1.0,0.0,1.0,1.0,1.0,1.0,1.0,8.0,1.0,0.0,1.0,1.0,1.0,1.0,1.0,0.0,,,,,,,,0.0,,,,,,,,0.0,,,,,,,,8.0,4.0,0.0,4.0,4.0,4.0,4.0,4.0,8.0,1.0,0.0,1.0,1.0,1.0,1.0,1.0,0.0,,,,,,,,0.0,,,,,,,,0.0,,,,,,,,0.0,,,,,,,,0.0,,,,,,,,0.0,,,,,,,,8.0,35.5,2.449489742783178,32.0,33.75,35.5,37.25,39.0,8.0,464.4225,16.75555153204026,447.04,449.565,462.12,475.46,491.7,8.0,0.46442249999999996,0.01675555153204028,0.44704,0.449565,0.46212,0.47546,0.4917,8.0,0.0004644225,1.675555153204027e-05,0.00044704,0.00044956499999999997,0.00046212,0.00047546000000000003,0.0004917,8.0,689346.0,13255.886713887856,674812.0,675212.0,692326.0,695482.0,709528.0,8.0,689.346,13.255886713887854,674.812,675.212,692.326,695.482,709.528,8.0,0.689346,0.013255886713887857,0.674812,0.675212,0.692326,0.6954819999999999,0.709528,8.0,5344882.5,1144.5117486758897,5342050.0,5345280.0,5345290.0,5345290.0,5345290.0,8.0,5344.8825,1.1445117486757908,5342.05,5345.28,5345.29,5345.29,5345.29,8.0,5.344882500000001,0.001144511748675807,5.34205,5.34528,5.34529,5.34529,5.34529,8.0,804990.0,59.5219047314276,804880.0,804960.0,805000.0,805040.0,805040.0,8.0,804.99,0.05952190473140347,804.88,804.96,805.0,805.04,805.04,8.0,0.80499,5.952190473140452e-05,0.80488,0.80496,0.8049999999999999,0.80504,0.80504,8.0,26421648.5,209916.9479137608,25909000.0,26463492.0,26468358.0,26527431.0,26544804.0,8.0,26421.6485,209.91694791376096,25909.0,26463.492,26468.358,26527.431,26544.804,8.0,26.4216485,0.20991694791376106,25.909,26.463492,26.468358,26.527431,26.544804,8.0,4977.0,461.58763291182623,4523.0,4574.5,4852.5,5372.0,5698.0,8.0,82.95,7.693127215197105,75.38333333333334,76.24166666666666,80.875,89.53333333333333,94.96666666666667,8.0,1.3824999999999998,0.12821878691995178,1.256388888888889,1.2706944444444446,1.3479166666666667,1.4922222222222223,1.5827777777777778,8.0,16025.0,158.34410990894844,15803.0,15894.5,16029.5,16157.5,16218.0,8.0,4977.0,461.58763291182623,4523.0,4574.5,4852.5,5372.0,5698.0,8.0,3.2411145330311597,0.26269907173455104,2.8432783432783433,3.0155021700243703,3.309136715203763,3.474590231488554,3.4939199646252486
7,dpp,local,4,gl6,5.0,528056.0,27846.481465348552,513659.99999999994,514220.0,516679.99999999994,517950.00000000006,577770.0,5.0,687051200.0,12154160.242484875,673008000.0,675952000.0,691212000.0,693476000.0,701608000.0,5.0,5343772000.0,1475099.9966103993,5342040000.0,5342770000.0,5343470000.0,5345290000.0,5345290000.0,5.0,805056000.0,66932.80212272605,804960000.0,805040000.0,805040000.0,805120000.0,805120000.0,5.0,26507074400.0,38661089.13106303,26462072000.0,26469620000.0,26523196000.0,26533512000.0,26546972000.0,5.0,4.0,0.0,4.0,4.0,4.0,4.0,4.0,0.0,,,,,,,,0.0,,,,,,,,5.0,4.0,0.0,4.0,4.0,4.0,4.0,4.0,5.0,1.0,0.0,1.0,1.0,1.0,1.0,1.0,5.0,0.0,0.0,0.0,0.0,0.0,0.0,0.0,5.0,2.2,2.6832815729997477,0.0,0.0,1.0,4.0,6.0,0.0,,,,,,,,0.0,,,,,,,,0.0,,,,,,,,5.0,528053.8,27846.57291660861,513660.0,514215.0,516680.0,517946.0,577768.0,0.0,,,,,,,,5.0,18476.8,2078.656104313554,17432.0,17464.0,17476.0,17828.0,22184.0,5.0,47653.0,87.46427842267951,47533.0,47641.0,47647.0,47665.0,47779.0,5.0,4619.2,519.6640260783885,4358.0,4366.0,4369.0,4457.0,5546.0,0.0,,,,,,,,0.0,,,,,,,,5.0,0.0,0.0,0.0,0.0,0.0,0.0,0.0,5.0,0.0,0.0,0.0,0.0,0.0,0.0,0.0,5.0,3.8,4.658325879540847,0.0,1.0,1.0,6.0,11.0,5.0,0.0,0.0,0.0,0.0,0.0,0.0,0.0,5.0,0.0,0.0,0.0,0.0,0.0,0.0,0.0,5.0,0.0,0.0,0.0,0.0,0.0,0.0,0.0,0.0,,,,,,,,5.0,0.0,0.0,0.0,0.0,0.0,0.0,0.0,5.0,1.0,0.0,1.0,1.0,1.0,1.0,1.0,5.0,1.0,0.0,1.0,1.0,1.0,1.0,1.0,0.0,,,,,,,,0.0,,,,,,,,0.0,,,,,,,,5.0,4.0,0.0,4.0,4.0,4.0,4.0,4.0,5.0,1.0,0.0,1.0,1.0,1.0,1.0,1.0,0.0,,,,,,,,0.0,,,,,,,,0.0,,,,,,,,0.0,,,,,,,,0.0,,,,,,,,0.0,,,,,,,,5.0,35.8,3.1144823004794873,31.0,35.0,36.0,38.0,39.0,5.0,528.056,27.846481465348536,513.66,514.22,516.68,517.95,577.77,5.0,0.528056,0.027846481465348565,0.5136599999999999,0.51422,0.5166799999999999,0.51795,0.57777,5.0,0.0005280560000000001,2.784648146534855e-05,0.00051366,0.00051422,0.0005166799999999999,0.0005179500000000001,0.00057777,5.0,687051.2,12154.160242484875,673008.0,675952.0,691212.0,693476.0,701608.0,5.0,687.0512,12.15416024248485,673.008,675.952,691.212,693.476,701.608,5.0,0.6870512000000001,0.012154160242484864,0.673008,0.675952,0.691212,0.693476,0.701608,5.0,5343772.0,1475.0999966103993,5342040.0,5342770.0,5343470.0,5345290.0,5345290.0,5.0,5343.772,1.475099996610304,5342.04,5342.77,5343.47,5345.29,5345.29,5.0,5.3437719999999995,0.0014750999966106303,5.34204,5.34277,5.34347,5.34529,5.34529,5.0,805056.0,66.93280212272605,804960.0,805040.0,805040.0,805120.0,805120.0,5.0,805.0559999999999,0.06693280212271953,804.96,805.04,805.04,805.12,805.12,5.0,0.8050559999999999,6.69328021227001e-05,0.80496,0.80504,0.80504,0.80512,0.80512,5.0,26507074.4,38661.08913106303,26462072.0,26469620.0,26523196.0,26533512.0,26546972.0,5.0,26507.0744,38.661089131063434,26462.072,26469.62,26523.196,26533.512,26546.972,5.0,26.5070744,0.03866108913106374,26.462072,26.46962,26.523196,26.533512,26.546972,5.0,4619.2,519.6640260783885,4358.0,4366.0,4369.0,4457.0,5546.0,5.0,76.98666666666666,8.661067101306475,72.63333333333334,72.76666666666667,72.81666666666666,74.28333333333333,92.43333333333334,5.0,1.283111111111111,0.144351118355108,1.2105555555555556,1.2127777777777777,1.213611111111111,1.2380555555555555,1.5405555555555557,5.0,15378.4,181.4092059406027,15202.0,15231.0,15325.0,15518.0,15616.0,5.0,4619.2,519.6640260783885,4358.0,4366.0,4369.0,4457.0,5546.0,5.0,3.3565669010565813,0.3050423603245623,2.815723043635052,3.4384114875476777,3.4819056344480073,3.494951812758146,3.551842526894026
8,dpp,local,8,gl5,9.0,286434.44444444444,7279.514254246486,281230.0,282850.0,283080.0,283560.0,300270.0,9.0,1191391555.5555556,7280969.83771927,1182800000.0,1185200000.0,1189260000.0,1195012000.0,1204728000.0,9.0,5343284444.444445,1532523.3367808068,5341970000.0,5342080000.0,5342780000.0,5345280000.0,5345290000.0,9.0,804946666.6666666,72111.02550927979,804840000.0,804920000.0,804960000.0,804960000.0,805040000.0,9.0,50565565777.77778,30020227.18842155,50527936000.0,50534124000.0,50563456000.0,50596320000.0,50607400000.0,9.0,8.0,0.0,8.0,8.0,8.0,8.0,8.0,0.0,,,,,,,,0.0,,,,,,,,9.0,8.0,0.0,8.0,8.0,8.0,8.0,8.0,9.0,1.0,0.0,1.0,1.0,1.0,1.0,1.0,9.0,0.0,0.0,0.0,0.0,0.0,0.0,0.0,9.0,0.3333333333333333,0.9999999999999999,0.0,0.0,0.0,0.0,3.0,0.0,,,,,,,,0.0,,,,,,,,0.0,,,,,,,,9.0,286434.55555555556,7281.208641275003,281228.0,282845.0,283082.0,283561.0,300273.0,0.0,,,,,,,,9.0,21289.777777777777,1191.2331612427706,20488.0,20672.0,20760.0,20904.0,23776.0,9.0,48121.666666666664,41.59927883990298,48060.0,48096.0,48120.0,48156.0,48174.0,9.0,2661.222222222222,148.90414515534633,2561.0,2584.0,2595.0,2613.0,2972.0,0.0,,,,,,,,0.0,,,,,,,,9.0,0.0,0.0,0.0,0.0,0.0,0.0,0.0,9.0,0.0,0.0,0.0,0.0,0.0,0.0,0.0,9.0,2.2222222222222223,2.5385910352879693,0.0,0.0,1.0,4.0,7.0,9.0,0.0,0.0,0.0,0.0,0.0,0.0,0.0,9.0,0.0,0.0,0.0,0.0,0.0,0.0,0.0,9.0,0.0,0.0,0.0,0.0,0.0,0.0,0.0,0.0,,,,,,,,9.0,0.0,0.0,0.0,0.0,0.0,0.0,0.0,9.0,1.0,0.0,1.0,1.0,1.0,1.0,1.0,9.0,1.0,0.0,1.0,1.0,1.0,1.0,1.0,0.0,,,,,,,,0.0,,,,,,,,0.0,,,,,,,,9.0,8.0,0.0,8.0,8.0,8.0,8.0,8.0,9.0,1.0,0.0,1.0,1.0,1.0,1.0,1.0,0.0,,,,,,,,0.0,,,,,,,,0.0,,,,,,,,0.0,,,,,,,,0.0,,,,,,,,0.0,,,,,,,,9.0,35.0,2.7386127875258306,31.0,33.0,35.0,37.0,39.0,9.0,286.4344444444444,7.279514254246485,281.23,282.85,283.08,283.56,300.27,9.0,0.28643444444444444,0.007279514254246479,0.28123,0.28285,0.28308,0.28356,0.30027,9.0,0.0002864344444444444,7.279514254246485e-06,0.00028123,0.00028285,0.00028308,0.00028356,0.00030027,9.0,1191391.5555555555,7280.96983771927,1182800.0,1185200.0,1189260.0,1195012.0,1204728.0,9.0,1191.3915555555557,7.280969837719287,1182.8,1185.2,1189.26,1195.012,1204.728,9.0,1.1913915555555556,0.007280969837719282,1.1828,1.1852,1.18926,1.195012,1.204728,9.0,5343284.444444444,1532.5233367808066,5341970.0,5342080.0,5342780.0,5345280.0,5345290.0,9.0,5343.284444444445,1.5325233367807385,5341.97,5342.08,5342.78,5345.28,5345.29,9.0,5.3432844444444445,0.00153252333678082,5.34197,5.34208,5.34278,5.34528,5.34529,9.0,804946.6666666666,72.11102550927978,804840.0,804920.0,804960.0,804960.0,805040.0,9.0,804.9466666666667,0.07211102550926149,804.84,804.92,804.96,804.96,805.04,9.0,0.8049466666666666,7.211102550927492e-05,0.80484,0.80492,0.80496,0.80496,0.80504,9.0,50565565.777777776,30020.227188421548,50527936.0,50534124.0,50563456.0,50596320.0,50607400.0,9.0,50565.56577777778,30.020227188420822,50527.936,50534.124,50563.456,50596.32,50607.4,9.0,50.56556577777778,0.03002022718842232,50.527936,50.534124,50.563456,50.59632,50.6074,9.0,2661.222222222222,148.90414515534633,2561.0,2584.0,2595.0,2613.0,2972.0,9.0,44.3537037037037,2.4817357525891053,42.68333333333333,43.06666666666667,43.25,43.55,49.53333333333333,9.0,0.7392283950617283,0.04136226254315173,0.7113888888888888,0.7177777777777778,0.7208333333333333,0.7258333333333333,0.8255555555555555,9.0,17267.666666666668,48.31148931672465,17215.0,17227.0,17262.0,17279.0,17346.0,9.0,2661.222222222222,148.90414515534633,2561.0,2584.0,2595.0,2613.0,2972.0,9.0,6.504732577268497,0.32404937563338604,5.835127860026918,6.600459242250287,6.636994219653179,6.677494199535963,6.726669269816478
9,dpp,local,8,gl6,7.0,323541.4285714286,3456.8937336450313,318590.0,321790.0,323240.0,325185.0,329010.0,7.0,1198399428.5714285,10979470.400967173,1181544000.0,1190858000.0,1200996000.0,1206148000.0,1212244000.0,7.0,5342667142.857142,1278602.2874701147,5341970000.0,5341970000.0,5341970000.0,5342755000.0,5345280000.0,7.0,804861428.5714285,215130.082463965,804550000.0,804740000.0,804920000.0,805020000.0,805040000.0,7.0,50587814857.14286,61533562.861873925,50528748000.0,50555942000.0,50582916000.0,50588404000.0,50714348000.0,7.0,8.0,0.0,8.0,8.0,8.0,8.0,8.0,0.0,,,,,,,,0.0,,,,,,,,7.0,8.0,0.0,8.0,8.0,8.0,8.0,8.0,7.0,1.0,0.0,1.0,1.0,1.0,1.0,1.0,7.0,0.0,0.0,0.0,0.0,0.0,0.0,0.0,7.0,0.14285714285714285,0.37796447300922725,0.0,0.0,0.0,0.0,1.0,0.0,,,,,,,,0.0,,,,,,,,0.0,,,,,,,,7.0,323542.4285714286,3457.996233714108,318588.0,321790.5,323244.0,325185.0,329014.0,0.0,,,,,,,,7.0,20058.285714285714,398.6567923605944,19648.0,19828.0,19888.0,20236.0,20744.0,7.0,47691.57142857143,109.91945102794915,47545.0,47614.0,47659.0,47801.5,47806.0,7.0,2507.285714285714,49.8320990450743,2456.0,2478.5,2486.0,2529.5,2593.0,0.0,,,,,,,,0.0,,,,,,,,7.0,0.0,0.0,0.0,0.0,0.0,0.0,0.0,7.0,0.0,0.0,0.0,0.0,0.0,0.0,0.0,7.0,1.7142857142857142,2.9277002188455996,0.0,0.0,0.0,3.0,6.0,7.0,0.0,0.0,0.0,0.0,0.0,0.0,0.0,7.0,0.0,0.0,0.0,0.0,0.0,0.0,0.0,7.0,0.0,0.0,0.0,0.0,0.0,0.0,0.0,0.0,,,,,,,,7.0,0.0,0.0,0.0,0.0,0.0,0.0,0.0,7.0,1.0,0.0,1.0,1.0,1.0,1.0,1.0,7.0,1.0,0.0,1.0,1.0,1.0,1.0,1.0,0.0,,,,,,,,0.0,,,,,,,,0.0,,,,,,,,7.0,8.0,0.0,8.0,8.0,8.0,8.0,8.0,7.0,1.0,0.0,1.0,1.0,1.0,1.0,1.0,0.0,,,,,,,,0.0,,,,,,,,0.0,,,,,,,,0.0,,,,,,,,0.0,,,,,,,,0.0,,,,,,,,7.0,35.0,2.943920288775949,31.0,33.0,35.0,37.0,39.0,7.0,323.5414285714286,3.45689373364504,318.59,321.78999999999996,323.24,325.185,329.01,7.0,0.32354142857142854,0.0034568937336450383,0.31859,0.32179,0.32324,0.32518499999999995,0.32901,7.0,0.00032354142857142856,3.45689373364504e-06,0.00031859,0.00032178999999999997,0.00032324,0.00032518499999999997,0.00032901,7.0,1198399.4285714286,10979.470400967175,1181544.0,1190858.0,1200996.0,1206148.0,1212244.0,7.0,1198.3994285714286,10.979470400967124,1181.544,1190.858,1200.996,1206.148,1212.244,7.0,1.1983994285714286,0.010979470400967193,1.181544,1.190858,1.200996,1.206148,1.212244,7.0,5342667.142857143,1278.6022874701146,5341970.0,5341970.0,5341970.0,5342755.0,5345280.0,7.0,5342.6671428571435,1.278602287469965,5341.97,5341.97,5341.97,5342.755,5345.28,7.0,5.3426671428571435,0.0012786022874700935,5.34197,5.34197,5.34197,5.342755,5.34528,7.0,804861.4285714285,215.130082463965,804550.0,804740.0,804920.0,805020.0,805040.0,7.0,804.8614285714285,0.21513008246397491,804.55,804.74,804.92,805.02,805.04,7.0,0.8048614285714285,0.00021513008246395196,0.80455,0.80474,0.80492,0.8050200000000001,0.80504,7.0,50587814.85714286,61533.56286187393,50528748.0,50555942.0,50582916.0,50588404.0,50714348.0,7.0,50587.81485714286,61.5335628618729,50528.748,50555.942,50582.916,50588.404,50714.348,7.0,50.58781485714285,0.06153356286187459,50.528748,50.555942,50.582916,50.588404,50.714348,7.0,2507.285714285714,49.8320990450743,2456.0,2478.5,2486.0,2529.5,2593.0,7.0,41.78809523809524,0.8305349840845727,40.93333333333333,41.30833333333334,41.43333333333333,42.15833333333333,43.21666666666667,7.0,0.696468253968254,0.013842249734742868,0.6822222222222222,0.6884722222222223,0.6905555555555555,0.7026388888888888,0.7202777777777778,7.0,16756.714285714286,99.35074951187549,16631.0,16708.5,16734.0,16789.5,16936.0,7.0,2507.285714285714,49.8320990450743,2456.0,2478.5,2486.0,2529.5,2593.0,7.0,6.68526472485874,0.12640173535939062,6.453528731199383,6.638175459163736,6.723943661971831,6.765239740467832,6.81255028157683
10,dpp,local,16,gl5,4.0,207022.5,9028.16103459983,198510.0,199590.0,207110.0,214542.5,215360.0,4.0,2216656000.0,2675269.456833585,2213956000.0,2214961000.0,2216276000.0,2217971000.0,2220116000.0,4.0,5344497500.0,1605000.0,5342090000.0,5344497500.0,5345300000.0,5345300000.0,5345300000.0,4.0,805030000.0,40000.0,804970000.0,805030000.0,805050000.0,805050000.0,805050000.0,4.0,98689800000.0,15471234.038261674,98669972000.0,98681576000.0,98692368000.0,98700592000.0,98704492000.0,4.0,16.0,0.0,16.0,16.0,16.0,16.0,16.0,0.0,,,,,,,,0.0,,,,,,,,4.0,16.0,0.0,16.0,16.0,16.0,16.0,16.0,4.0,1.0,0.0,1.0,1.0,1.0,1.0,1.0,4.0,0.0,0.0,0.0,0.0,0.0,0.0,0.0,4.0,0.5,1.0,0.0,0.0,0.0,0.5,2.0,0.0,,,,,,,,0.0,,,,,,,,0.0,,,,,,,,4.0,207022.0,9029.492529114432,198507.0,199589.25,207109.0,214541.75,215363.0,0.0,,,,,,,,4.0,28480.0,2635.1308632906007,25888.0,26392.0,28472.0,30560.0,31088.0,4.0,48145.5,50.52722038663912,48099.0,48103.5,48144.0,48186.0,48195.0,4.0,1780.0,164.69567895566254,1618.0,1649.5,1779.5,1910.0,1943.0,0.0,,,,,,,,0.0,,,,,,,,4.0,0.0,0.0,0.0,0.0,0.0,0.0,0.0,4.0,0.0,0.0,0.0,0.0,0.0,0.0,0.0,4.0,1.0,1.4142135623730951,0.0,0.0,0.5,1.5,3.0,4.0,0.0,0.0,0.0,0.0,0.0,0.0,0.0,4.0,0.0,0.0,0.0,0.0,0.0,0.0,0.0,4.0,0.0,0.0,0.0,0.0,0.0,0.0,0.0,0.0,,,,,,,,4.0,0.0,0.0,0.0,0.0,0.0,0.0,0.0,4.0,1.0,0.0,1.0,1.0,1.0,1.0,1.0,4.0,1.0,0.0,1.0,1.0,1.0,1.0,1.0,0.0,,,,,,,,0.0,,,,,,,,0.0,,,,,,,,4.0,16.0,0.0,16.0,16.0,16.0,16.0,16.0,4.0,1.0,0.0,1.0,1.0,1.0,1.0,1.0,0.0,,,,,,,,0.0,,,,,,,,0.0,,,,,,,,0.0,,,,,,,,0.0,,,,,,,,0.0,,,,,,,,4.0,32.5,1.2909944487358056,31.0,31.75,32.5,33.25,34.0,4.0,207.02249999999998,9.028161034599842,198.51,199.58999999999997,207.11,214.54250000000002,215.36,4.0,0.20702249999999997,0.00902816103459983,0.19851,0.19959,0.20711,0.2145425,0.21536,4.0,0.00020702249999999996,9.028161034599827e-06,0.00019851,0.00019959,0.00020711,0.0002145425,0.00021536,4.0,2216656.0,2675.2694568335855,2213956.0,2214961.0,2216276.0,2217971.0,2220116.0,4.0,2216.656,2.6752694568335547,2213.956,2214.961,2216.276,2217.971,2220.116,4.0,2.216656,0.002675269456833568,2.213956,2.2149609999999997,2.2162759999999997,2.217971,2.220116,4.0,5344497.5,1605.0,5342090.0,5344497.5,5345300.0,5345300.0,5345300.0,4.0,5344.4975,1.6050000000000182,5342.09,5344.4975,5345.3,5345.3,5345.3,4.0,5.344497499999999,0.0016050000000000786,5.34209,5.3444975,5.3453,5.3453,5.3453,4.0,805030.0,40.0,804970.0,805030.0,805050.0,805050.0,805050.0,4.0,805.03,0.03999999999996362,804.97,805.03,805.05,805.05,805.05,4.0,0.80503,4.0000000000040004e-05,0.80497,0.80503,0.80505,0.80505,0.80505,4.0,98689800.0,15471.234038261675,98669972.0,98681576.0,98692368.0,98700592.0,98704492.0,4.0,98689.79999999999,15.471234038263562,98669.972,98681.576,98692.368,98700.592,98704.492,4.0,98.6898,0.01547123403826129,98.669972,98.681576,98.692368,98.700592,98.704492,4.0,1780.0,164.69567895566254,1618.0,1649.5,1779.5,1910.0,1943.0,4.0,29.666666666666668,2.7449279825943753,26.966666666666665,27.491666666666667,29.65833333333333,31.833333333333332,32.38333333333333,4.0,0.49444444444444446,0.04574879970990625,0.4494444444444444,0.45819444444444446,0.49430555555555555,0.5305555555555556,0.5397222222222222,4.0,19666.5,45.93110783191133,19626.0,19629.0,19660.5,19698.0,19719.0,4.0,1780.0,164.69567895566254,1618.0,1649.5,1779.5,1910.0,1943.0,4.0,11.118258583746755,1.0042999135733928,10.148739063304168,10.314041005952426,11.096016609883453,11.900234187677782,12.132262051915946
11,dpp,local,16,gl6,6.0,230145.0,827.8828419528937,229190.0,229475.0,230120.0,230802.5,231150.0,6.0,2220991333.3333335,7467742.005898883,2207268000.0,2220161000.0,2222040000.0,2225314000.0,2228660000.0,6.0,5343770000.0,1686333.3003887457,5341970000.0,5342202500.0,5344030000.0,5345287500.0,5345290000.0,6.0,805043333.3333334,81649.6580927726,804930000.0,804990000.0,805050000.0,805110000.0,805130000.0,6.0,98696934000.0,30698636.503923103,98661868000.0,98671982000.0,98695644000.0,98724829000.0,98729796000.0,6.0,16.0,0.0,16.0,16.0,16.0,16.0,16.0,0.0,,,,,,,,0.0,,,,,,,,6.0,16.0,0.0,16.0,16.0,16.0,16.0,16.0,6.0,1.0,0.0,1.0,1.0,1.0,1.0,1.0,6.0,0.0,0.0,0.0,0.0,0.0,0.0,0.0,6.0,9.166666666666666,14.288690166235206,0.0,0.0,0.0,18.75,30.0,0.0,,,,,,,,0.0,,,,,,,,0.0,,,,,,,,6.0,230145.33333333334,826.1093551501923,229192.0,229477.5,230119.0,230803.25,231147.0,0.0,,,,,,,,6.0,25682.666666666668,345.7505844776935,25376.0,25476.0,25600.0,25712.0,26336.0,6.0,47587.0,41.221353689562406,47551.0,47569.75,47575.0,47582.5,47668.0,6.0,1605.1666666666667,21.609411529855844,1586.0,1592.25,1600.0,1607.0,1646.0,0.0,,,,,,,,0.0,,,,,,,,6.0,0.0,0.0,0.0,0.0,0.0,0.0,0.0,6.0,0.0,0.0,0.0,0.0,0.0,0.0,0.0,6.0,12.333333333333334,15.42292665698267,0.0,1.25,4.5,25.75,32.0,6.0,0.0,0.0,0.0,0.0,0.0,0.0,0.0,6.0,0.0,0.0,0.0,0.0,0.0,0.0,0.0,6.0,0.0,0.0,0.0,0.0,0.0,0.0,0.0,0.0,,,,,,,,6.0,0.0,0.0,0.0,0.0,0.0,0.0,0.0,6.0,1.0,0.0,1.0,1.0,1.0,1.0,1.0,6.0,1.0,0.0,1.0,1.0,1.0,1.0,1.0,0.0,,,,,,,,0.0,,,,,,,,0.0,,,,,,,,6.0,16.0,0.0,16.0,16.0,16.0,16.0,16.0,6.0,1.0,0.0,1.0,1.0,1.0,1.0,1.0,0.0,,,,,,,,0.0,,,,,,,,0.0,,,,,,,,0.0,,,,,,,,0.0,,,,,,,,0.0,,,,,,,,6.0,35.0,2.8284271247461903,32.0,33.25,34.5,35.75,40.0,6.0,230.145,0.8278828419528935,229.19,229.475,230.12,230.8025,231.15,6.0,0.23014499999999996,0.0008278828419528877,0.22919,0.229475,0.23012,0.2308025,0.23115,6.0,0.00023014499999999999,8.27882841952897e-07,0.00022919,0.000229475,0.00023012,0.0002308025,0.00023115,6.0,2220991.3333333335,7467.742005898883,2207268.0,2220161.0,2222040.0,2225314.0,2228660.0,6.0,2220.9913333333334,7.467742005898852,2207.268,2220.161,2222.04,2225.3140000000003,2228.66,6.0,2.2209913333333335,0.007467742005898855,2.207268,2.220161,2.22204,2.225314,2.22866,6.0,5343770.0,1686.3333003887458,5341970.0,5342202.5,5344030.0,5345287.5,5345290.0,6.0,5343.77,1.686333300388617,5341.97,5342.2025,5344.03,5345.2875,5345.29,6.0,5.343769999999999,0.0016863333003887843,5.34197,5.3422025,5.34403,5.3452875,5.34529,6.0,805043.3333333334,81.64965809277261,804930.0,804990.0,805050.0,805110.0,805130.0,6.0,805.0433333333334,0.08164965809277816,804.93,804.99,805.05,805.11,805.13,6.0,0.8050433333333333,8.164965809277631e-05,0.80493,0.80499,0.80505,0.80511,0.80513,6.0,98696934.0,30698.636503923102,98661868.0,98671982.0,98695644.0,98724829.0,98729796.0,6.0,98696.934,30.6986365039222,98661.868,98671.982,98695.644,98724.829,98729.796,6.0,98.696934,0.030698636503919654,98.661868,98.671982,98.695644,98.724829,98.729796,6.0,1605.1666666666667,21.609411529855844,1586.0,1592.25,1600.0,1607.0,1646.0,6.0,26.75277777777778,0.3601568588309308,26.433333333333334,26.5375,26.666666666666664,26.78333333333333,27.433333333333334,6.0,0.4458796296296296,0.006002614313848862,0.44055555555555553,0.44229166666666664,0.4444444444444444,0.4463888888888889,0.45722222222222225,6.0,19969.0,169.1425434360025,19669.0,19967.0,19981.5,20017.0,20191.0,6.0,1605.1666666666667,21.609411529855844,1586.0,1592.25,1600.0,1607.0,1646.0,6.0,12.443080434009742,0.24618473646822717,11.949574726609963,12.486256342287634,12.520798036062782,12.577928416528401,12.59559748427673
12,dpp,local,32,gl5,6.0,177771.66666666666,2471.723420341901,176320.0,176497.5,176865.0,177307.5,182750.0,6.0,3925456000.0,80208719.2866212,3877588000.0,3880919000.0,3896200000.0,3915000000.0,4085656000.0,6.0,5344221666.666667,1666726.3322653382,5342050000.0,5342890000.0,5345295000.0,5345300000.0,5345300000.0,6.0,805003333.3333334,53166.40543300503,804930000.0,804970000.0,805010000.0,805050000.0,805050000.0,6.0,193734236666.66666,11943670.03339705,193722176000.0,193723432000.0,193734544000.0,193743997000.0,193747280000.0,6.0,32.0,0.0,32.0,32.0,32.0,32.0,32.0,0.0,,,,,,,,0.0,,,,,,,,6.0,32.0,0.0,32.0,32.0,32.0,32.0,32.0,6.0,1.0,0.0,1.0,1.0,1.0,1.0,1.0,6.0,0.0,0.0,0.0,0.0,0.0,0.0,0.0,6.0,2.0,1.7888543819998317,0.0,1.0,1.5,2.75,5.0,0.0,,,,,,,,0.0,,,,,,,,0.0,,,,,,,,6.0,177772.0,2469.2628049683167,176324.0,176501.0,176863.5,177307.0,182746.0,0.0,,,,,,,,6.0,42805.333333333336,952.2173421371124,42016.0,42264.0,42544.0,42824.0,44640.0,6.0,48152.0,14.778362561528933,48129.0,48144.75,48153.0,48163.5,48168.0,6.0,1337.6666666666667,29.756791941784762,1313.0,1320.75,1329.5,1338.25,1395.0,0.0,,,,,,,,0.0,,,,,,,,6.0,0.0,0.0,0.0,0.0,0.0,0.0,0.0,6.0,0.0,0.0,0.0,0.0,0.0,0.0,0.0,6.0,3.5,1.9748417658131499,1.0,1.75,4.5,5.0,5.0,6.0,0.0,0.0,0.0,0.0,0.0,0.0,0.0,6.0,0.0,0.0,0.0,0.0,0.0,0.0,0.0,6.0,0.0,0.0,0.0,0.0,0.0,0.0,0.0,0.0,,,,,,,,6.0,0.0,0.0,0.0,0.0,0.0,0.0,0.0,6.0,1.0,0.0,1.0,1.0,1.0,1.0,1.0,6.0,1.0,0.0,1.0,1.0,1.0,1.0,1.0,0.0,,,,,,,,0.0,,,,,,,,0.0,,,,,,,,6.0,32.0,0.0,32.0,32.0,32.0,32.0,32.0,6.0,1.0,0.0,1.0,1.0,1.0,1.0,1.0,0.0,,,,,,,,0.0,,,,,,,,0.0,,,,,,,,0.0,,,,,,,,0.0,,,,,,,,0.0,,,,,,,,6.0,34.333333333333336,2.160246899469287,31.0,33.25,34.5,35.75,37.0,6.0,177.77166666666668,2.4717234203419,176.32,176.4975,176.865,177.3075,182.75,6.0,0.1777716666666667,0.0024717234203418996,0.17632,0.1764975,0.176865,0.1773075,0.18275,6.0,0.00017777166666666668,2.4717234203419e-06,0.00017632,0.0001764975,0.000176865,0.00017730749999999998,0.00018275,6.0,3925456.0,80208.7192866212,3877588.0,3880919.0,3896200.0,3915000.0,4085656.0,6.0,3925.456,80.20871928662115,3877.588,3880.919,3896.2,3915.0,4085.656,6.0,3.925455999999999,0.08020871928662134,3.877588,3.880919,3.8962,3.915,4.085656,6.0,5344221.666666667,1666.7263322653382,5342050.0,5342890.0,5345295.0,5345300.0,5345300.0,6.0,5344.221666666666,1.6667263322653196,5342.05,5342.89,5345.295,5345.3,5345.3,6.0,5.344221666666667,0.0016667263322653048,5.34205,5.34289,5.345295,5.3453,5.3453,6.0,805003.3333333334,53.166405433005025,804930.0,804970.0,805010.0,805050.0,805050.0,6.0,805.0033333333332,0.053166405432988034,804.93,804.97,805.01,805.05,805.05,6.0,0.8050033333333334,5.3166405433027576e-05,0.80493,0.80497,0.80501,0.80505,0.80505,6.0,193734236.66666666,11943.670033397048,193722176.0,193723432.0,193734544.0,193743997.0,193747280.0,6.0,193734.23666666666,11.943670033398014,193722.176,193723.432,193734.544,193743.997,193747.28,6.0,193.73423666666667,0.011943670033399367,193.722176,193.723432,193.734544,193.743997,193.74728,6.0,1337.6666666666667,29.756791941784762,1313.0,1320.75,1329.5,1338.25,1395.0,6.0,22.294444444444448,0.4959465323630798,21.883333333333333,22.0125,22.15833333333333,22.304166666666667,23.25,6.0,0.37157407407407406,0.008265775539384661,0.3647222222222222,0.366875,0.36930555555555555,0.3717361111111111,0.3875,6.0,27736.0,323.05355593152046,27088.0,27805.25,27838.0,27873.75,27972.0,6.0,1337.6666666666667,29.756791941784762,1313.0,1320.75,1329.5,1338.25,1395.0,6.0,20.747157849244026,0.6785577092513765,19.417921146953404,20.789339261997462,20.94019473061887,21.091322292833752,21.303884234577303
13,dpp,local,32,gl6,7.0,198788.57142857142,2467.214546618842,195380.0,197635.0,198180.0,199745.0,203200.0,7.0,3914580571.428571,18069432.66824891,3890256000.0,3906876000.0,3915520000.0,3917580000.0,3947376000.0,7.0,5343624285.714286,1643308.2196477642,5341970000.0,5342025000.0,5343480000.0,5345290000.0,5345290000.0,7.0,804995714.2857143,205414.7952199113,804560000.0,804985000.0,805050000.0,805130000.0,805130000.0,7.0,193744917142.85715,5859688.143822771,193736620000.0,193742170000.0,193742904000.0,193748122000.0,193754312000.0,7.0,32.0,0.0,32.0,32.0,32.0,32.0,32.0,0.0,,,,,,,,0.0,,,,,,,,7.0,32.0,0.0,32.0,32.0,32.0,32.0,32.0,7.0,1.0,0.0,1.0,1.0,1.0,1.0,1.0,7.0,0.0,0.0,0.0,0.0,0.0,0.0,0.0,7.0,4.142857142857143,8.008923594519874,0.0,0.0,1.0,3.0,22.0,0.0,,,,,,,,0.0,,,,,,,,0.0,,,,,,,,7.0,198790.14285714287,2466.285765314003,195382.0,197638.5,198180.0,199746.0,203200.0,0.0,,,,,,,,7.0,41792.0,1829.698700150747,40256.0,40432.0,41120.0,42480.0,45344.0,7.0,47623.0,86.70640114778148,47548.0,47576.5,47605.0,47623.0,47809.0,7.0,1306.0,57.178084379710846,1258.0,1263.5,1285.0,1327.5,1417.0,0.0,,,,,,,,0.0,,,,,,,,7.0,0.0,0.0,0.0,0.0,0.0,0.0,0.0,7.0,0.0,0.0,0.0,0.0,0.0,0.0,0.0,7.0,6.428571428571429,9.162553189607193,1.0,2.5,3.0,4.5,27.0,7.0,0.0,0.0,0.0,0.0,0.0,0.0,0.0,7.0,0.0,0.0,0.0,0.0,0.0,0.0,0.0,7.0,0.0,0.0,0.0,0.0,0.0,0.0,0.0,0.0,,,,,,,,7.0,0.0,0.0,0.0,0.0,0.0,0.0,0.0,7.0,1.0,0.0,1.0,1.0,1.0,1.0,1.0,7.0,1.0,0.0,1.0,1.0,1.0,1.0,1.0,0.0,,,,,,,,0.0,,,,,,,,0.0,,,,,,,,7.0,32.0,0.0,32.0,32.0,32.0,32.0,32.0,7.0,1.0,0.0,1.0,1.0,1.0,1.0,1.0,0.0,,,,,,,,0.0,,,,,,,,0.0,,,,,,,,0.0,,,,,,,,0.0,,,,,,,,0.0,,,,,,,,7.0,36.42857142857143,2.9920529661723823,32.0,34.5,37.0,38.5,40.0,7.0,198.78857142857143,2.467214546618842,195.38,197.635,198.18,199.745,203.2,7.0,0.1987885714285714,0.0024672145466188397,0.19538,0.197635,0.19818,0.199745,0.2032,7.0,0.00019878857142857143,2.4672145466188456e-06,0.00019538,0.000197635,0.00019818,0.00019974499999999998,0.0002032,7.0,3914580.5714285714,18069.43266824891,3890256.0,3906876.0,3915520.0,3917580.0,3947376.0,7.0,3914.5805714285716,18.069432668248968,3890.256,3906.876,3915.52,3917.58,3947.376,7.0,3.914580571428572,0.018069432668248963,3.890256,3.906876,3.91552,3.91758,3.947376,7.0,5343624.285714285,1643.3082196477644,5341970.0,5342025.0,5343480.0,5345290.0,5345290.0,7.0,5343.624285714286,1.6433082196476783,5341.97,5342.025,5343.48,5345.29,5345.29,7.0,5.343624285714285,0.0016433082196479455,5.34197,5.342025,5.34348,5.34529,5.34529,7.0,804995.7142857143,205.4147952199113,804560.0,804985.0,805050.0,805130.0,805130.0,7.0,804.9957142857141,0.20541479521992845,804.56,804.9849999999999,805.05,805.13,805.13,7.0,0.8049957142857143,0.0002054147952198959,0.80456,0.8049850000000001,0.80505,0.80513,0.80513,7.0,193744917.14285713,5859.688143822769,193736620.0,193742170.0,193742904.0,193748122.0,193754312.0,7.0,193744.91714285716,5.859688143824443,193736.62,193742.16999999998,193742.904,193748.122,193754.312,7.0,193.74491714285713,0.005859688143826091,193.73662,193.74217,193.742904,193.74812200000002,193.754312,7.0,1306.0,57.178084379710846,1258.0,1263.5,1285.0,1327.5,1417.0,7.0,21.76666666666667,0.9529680729951812,20.966666666666665,21.058333333333334,21.416666666666668,22.125,23.616666666666667,7.0,0.36277777777777775,0.015882801216586362,0.3494444444444444,0.35097222222222224,0.35694444444444445,0.36875,0.39361111111111113,7.0,28335.0,300.1110905425967,27913.0,28140.0,28256.0,28605.0,28686.0,7.0,1306.0,57.178084379710846,1258.0,1263.5,1285.0,1327.5,1417.0,7.0,21.737162262999846,1.106024474743434,19.698659139026113,21.197823804795007,22.203112840466925,22.577834768871625,22.707046714172606
